STATE,#,MAKER,JAN,FEB,MAR,APR,MAY,TOTAL,,,,
Andaman & Nicobar Island(5),1,BAJAJ AUTO LTD,2,0,1,0,6,9,,,,
Andaman & Nicobar Island(5),2,SUZUKI MOTORCYCLE INDIA PVT LTD,0,1,1,1,0,3,,,Row Labels,Sum of MAY
Andaman & Nicobar Island(5),3,TVS MOTOR COMPANY LTD,0,5,6,2,0,13,,,Andhra Pradesh(84),6854
Andhra Pradesh(84),1,ATHER ENERGY LTD,860,"1,087","2,095","1,430","1,191","6,663",,,Karnataka(68),19299
Andhra Pradesh(84),2,BAJAJ AUTO LTD,965,"1,339","1,956","1,605","1,504","7,369",,,Kerala(87),8164
Andhra Pradesh(84),3,BATTRE ELECTRIC MOBLITY PVT LTD,4,4,6,6,1,21,,,Puducherry(8),505
Andhra Pradesh(84),4,BENLING INDIA ENERGY AND TECHNOLOGY PVT LTD,2,2,7,2,1,14,,,Tamil Nadu(148),17799
Andhra Pradesh(84),5,BGAUSS AUTO PRIVATE LIMITED,25,60,71,68,51,275,,,Telangana(57),8267
Andhra Pradesh(84),6,BMR EV INDUSTRIES PVT LTD,0,0,0,2,0,2,,,Grand Total,60888
Andhra Pradesh(84),7,BMW INDIA PVT LTD,0,0,1,1,0,2,,,,
Andhra Pradesh(84),8,BOOMA INNOVATIVE TRANSPORT SULUTIONS PVT LTD,0,0,0,1,0,1,,,,
Andhra Pradesh(84),9,CHANDANA CORPORATION,0,1,0,5,1,7,,,,
Andhra Pradesh(84),10,CHINA HAOCHEN (IMPORTER: ADMS MARKETING),1,1,0,0,0,2,,,,
Andhra Pradesh(84),11,GODAWARI ELECTRIC MOTORS PVT LTD,6,3,0,3,0,12,,,,
Andhra Pradesh(84),12,GREAVES ELECTRIC MOBILITY LTD,122,174,213,279,284,"1,072",,,,
Andhra Pradesh(84),13,HERO MOTOCORP LTD,360,645,791,831,669,"3,296",,,,
Andhra Pradesh(84),14,HONDA MOTORCYCLE AND SCOOTER INDIA (P) LTD,3,1,3,3,8,18,,,,
Andhra Pradesh(84),15,HONGKONG YIXING (IMPORTER: ADMS MARKETING),2,8,0,4,1,15,,,,
Andhra Pradesh(84),16,HSU DRAGON (IMPORTER: BMR ELECTRIC),0,0,5,9,2,16,,,,
Andhra Pradesh(84),17,HSU DRAGON (IMPORTER: BMR EV INDUSTRIES),0,0,2,0,0,2,,,,
Andhra Pradesh(84),18,JIANGSU AIMA (IMPORTER: QUANTUM ENERGY),0,0,1,0,0,1,,,,
Andhra Pradesh(84),19,KAINING (HONGKONG) (IMPORTER: BMR EV INDUSTRIES),1,4,2,0,2,9,,,,
Andhra Pradesh(84),20,KINETIC GREEN ENERGY & POWER SOLUTIONS LTD,35,65,49,51,59,259,,,,
Andhra Pradesh(84),21,KLB KOMAKI PVT LTD,8,24,41,30,25,128,,,,
Andhra Pradesh(84),22,LECTRIX E VEHICLES PVT LTD,4,3,5,5,2,19,,,,
Andhra Pradesh(84),23,MATTER MOTOR WORKS PVT LTD,2,2,2,2,9,17,,,,
Andhra Pradesh(84),24,NANJING VMOTO (IMPORTER: VAJRAM ELECTRIC MOBILITY),1,1,5,1,0,8,,,,
Andhra Pradesh(84),25,NDS ECO MOTORS PVT LTD,1,0,0,0,0,1,,,,
Andhra Pradesh(84),26,NUMEROS MOTORS PVT LTD,4,5,13,3,2,27,,,,
Andhra Pradesh(84),27,OBEN ELECTRIC VEHICLES PVT LTD,6,16,20,25,13,80,,,,
Andhra Pradesh(84),28,OKINAWA AUTOTECH PVT LTD,0,0,3,2,0,5,,,,
Andhra Pradesh(84),29,OLA ELECTRIC TECHNOLOGIES PVT LTD,320,228,213,470,376,"1,607",,,,
Andhra Pradesh(84),30,OPG MOBILITY AND POWER PVT LTD,0,2,1,0,0,3,,,,
Andhra Pradesh(84),31,PUR ENERGY PVT LTD,62,22,13,20,9,126,,,,
Andhra Pradesh(84),32,QUANTUM ENERGY LTD.,12,34,31,33,39,149,,,,
Andhra Pradesh(84),33,REVOLT INTELLICORP PVT LTD,0,6,2,9,2,19,,,,
Andhra Pradesh(84),34,RGM BUSINESS PLUS PVT LTD,0,0,1,0,0,1,,,,
Andhra Pradesh(84),35,RIVER MOBILITY PVT LTD,209,263,380,462,346,"1,660",,,,
Andhra Pradesh(84),36,SIMPLEENERGY PVT LTD,37,37,107,86,93,360,,,,
Andhra Pradesh(84),37,SUZUKI MOTORCYCLE INDIA PVT LTD,3,24,32,24,48,131,,,,
Andhra Pradesh(84),38,TVS MOTOR COMPANY LTD,"1,020","1,632","2,287","2,111","2,075","9,125",,,,
Andhra Pradesh(84),39,ULTRAVIOLETTE AUTOMOTIVE PVT LTD,5,9,14,28,15,71,,,,
Andhra Pradesh(84),40,WUXI MDKA NEW ENERGY (IMPORTER: HESTUR ENERGY),92,17,62,23,25,219,,,,
Andhra Pradesh(84),41,WUXI TENGHUI (IMPORTER: RADHA MOBILITIES LLP),2,7,3,1,1,14,,,,
Andhra Pradesh(84),42,WUXI YIZHILING (IMPORTER: BMR EV INDUSTRIES),0,2,2,0,0,4,,,,
Andhra Pradesh(84),43,ZELIO E-MOBILITY LTD,1,0,0,0,0,1,,,,
Arunachal Pradesh(29),1,ATHER ENERGY LTD,0,0,17,0,0,17,,,,
Arunachal Pradesh(29),2,BAJAJ AUTO LTD,0,3,0,2,0,5,,,,
Arunachal Pradesh(29),3,ECOBIT INTERNATIONAL(IMPORTER: JHEV MOTORS),0,0,0,0,4,4,,,,
Arunachal Pradesh(29),4,JUNENG MOTORCYCLE (IMPORTER: JHEV MOTORS PVT LTD),1,0,0,1,0,2,,,,
Arunachal Pradesh(29),5,MAC INTERNATIONAL (IMPORTER: JHEV MOTORS PVT LTD),1,0,0,0,0,1,,,,
Arunachal Pradesh(29),6,TVS MOTOR COMPANY LTD,2,0,0,1,0,3,,,,
Arunachal Pradesh(29),7,ULTRAVIOLETTE AUTOMOTIVE PVT LTD,0,0,1,0,0,1,,,,
Assam(35),1,ANCHI MOTORCYCLE(IMPORTER:GREEN FUEL ALTERNATIVES),0,0,0,0,1,1,,,,
Assam(35),2,ATHER ENERGY LTD,60,82,114,82,93,431,,,,
Assam(35),3,BAJAJ AUTO LTD,40,41,79,76,81,317,,,,
Assam(35),4,E-SPRINTO GREEN ENERGY PVT LTD,0,1,0,0,0,1,,,,
Assam(35),5,GREAVES ELECTRIC MOBILITY LTD,2,13,12,11,11,49,,,,
Assam(35),6,HERO MOTOCORP LTD,13,16,19,24,52,124,,,,
Assam(35),7,KINETIC GREEN ENERGY & POWER SOLUTIONS LTD,1,2,2,0,0,5,,,,
Assam(35),8,KLB KOMAKI PVT LTD,2,0,5,5,2,14,,,,
Assam(35),9,LECTRIX E VEHICLES PVT LTD,5,2,1,2,6,16,,,,
Assam(35),10,LIMA VEHICLE (IMPORTER: SARAOGI E-VENTURES),0,0,3,0,0,3,,,,
Assam(35),11,MAC INTERNATIONAL (IMPORTER: JHEV MOTORS PVT LTD),1,0,0,2,0,3,,,,
Assam(35),12,OKINAWA AUTOTECH PVT LTD,1,0,2,2,1,6,,,,
Assam(35),13,OLA ELECTRIC TECHNOLOGIES PVT LTD,79,48,129,126,168,550,,,,
Assam(35),14,OPG MOBILITY AND POWER PVT LTD,2,0,1,0,1,4,,,,
Assam(35),15,PUR ENERGY PVT LTD,0,2,4,4,7,17,,,,
Assam(35),16,REVOLT INTELLICORP PVT LTD,0,1,5,1,0,7,,,,
Assam(35),17,SOKUDO ELECTRIC INDIA PVT LTD,0,4,6,3,4,17,,,,
Assam(35),18,SUZUKI MOTORCYCLE INDIA PVT LTD,0,8,3,0,1,12,,,,
Assam(35),19,TVS MOTOR COMPANY LTD,51,57,103,95,135,441,,,,
Assam(35),20,WARIVO MOTOR INDIA PVT LTD,0,0,0,1,0,1,,,,
Bihar(48),1,ATHER ENERGY LTD,231,257,433,383,378,"1,682",,,,
Bihar(48),2,BAJAJ AUTO LTD,233,260,457,330,397,"1,677",,,,
Bihar(48),3,GREAVES ELECTRIC MOBILITY LTD,400,351,630,546,660,"2,587",,,,
Bihar(48),4,HERO MOTOCORP LTD,495,452,709,559,640,"2,855",,,,
Bihar(48),5,HONDA MOTORCYCLE AND SCOOTER INDIA (P) LTD,0,0,3,12,13,28,,,,
Bihar(48),6,JIANGSU XINRI (IMPORTER: ECO FUEL SYSTEMS LTD),4,0,4,4,5,17,,,,
Bihar(48),7,JUNENG MOTORCYCLE (IMPORTER: JHEV MOTORS PVT LTD),2,0,0,1,0,3,,,,
Bihar(48),8,JUNENG MOTORCYCLE TECH. (IMPORTER: DELTA AUTOCORP),0,0,0,1,0,1,,,,
Bihar(48),9,KINETIC GREEN ENERGY & POWER SOLUTIONS LTD,14,6,10,3,5,38,,,,
Bihar(48),10,KINETIC WATTS AND VOLTS LTD,0,0,0,0,3,3,,,,
Bihar(48),11,KLB KOMAKI PVT LTD,3,16,14,7,23,63,,,,
Bihar(48),12,LECTRIX E VEHICLES PVT LTD,16,57,41,97,38,249,,,,
Bihar(48),13,MAC INTERNATIONAL (IMPORTER: JHEV MOTORS PVT LTD),1,0,0,0,0,1,,,,
Bihar(48),14,MATTER MOTOR WORKS PVT LTD,0,0,5,3,9,17,,,,
Bihar(48),15,OBEN ELECTRIC VEHICLES PVT LTD,22,19,54,38,18,151,,,,
Bihar(48),16,ODYSSE ELECTRIC VEHICLES PVT LTD,0,0,0,1,1,2,,,,
Bihar(48),17,OKINAWA AUTOTECH PVT LTD,3,8,0,4,2,17,,,,
Bihar(48),18,OLA ELECTRIC TECHNOLOGIES PVT LTD,398,212,602,552,556,"2,320",,,,
Bihar(48),19,OPG MOBILITY AND POWER PVT LTD,2,6,10,3,9,30,,,,
Bihar(48),20,PUR ENERGY PVT LTD,5,4,0,3,7,19,,,,
Bihar(48),21,QUANTUM ENERGY LTD.,2,0,6,4,0,12,,,,
Bihar(48),22,REVOLT INTELLICORP PVT LTD,95,93,134,100,71,493,,,,
Bihar(48),23,RIVER MOBILITY PVT LTD,18,19,48,37,36,158,,,,
Bihar(48),24,SIMPLEENERGY PVT LTD,0,4,6,17,8,35,,,,
Bihar(48),25,SOKUDO ELECTRIC INDIA PVT LTD,0,0,14,6,2,22,,,,
Bihar(48),26,SUZUKI MOTORCYCLE INDIA PVT LTD,5,7,3,1,4,20,,,,
Bihar(48),27,TVS MOTOR COMPANY LTD,447,423,588,461,529,"2,448",,,,
Bihar(48),28,ULTRAVIOLETTE AUTOMOTIVE PVT LTD,2,5,2,2,4,15,,,,
Bihar(48),29,WARDWIZARD INNOVATIONS & MOBILITY LIMITED,8,3,10,16,14,51,,,,
Bihar(48),30,WARIVO MOTOR INDIA PVT LTD,1,0,0,1,0,2,,,,
Bihar(48),31,WUXI SAIGE ELECTRIC (IMPORTER: DELTA AUTOCORP LLP),1,0,0,0,0,1,,,,
Bihar(48),32,WUXI SAIGE (IMPORTER: CITIZEN CARE),0,0,0,1,0,1,,,,
Bihar(48),33,WUXI SHENGBAO (IMPORTER:ELECTRIC ONE ENERGY),0,1,0,0,0,1,,,,
Bihar(48),34,ZELIO E-MOBILITY LTD,0,1,0,0,0,1,,,,
Bihar(48),35,ZENIAK INNOVATION INDIA LTD,0,0,0,0,1,1,,,,
Chhattisgarh(31),1,ATHER ENERGY LTD,356,369,603,392,326,"2,046",,,,
Chhattisgarh(31),2,BAJAJ AUTO LTD,618,606,"1,118",682,"1,041","4,065",,,,
Chhattisgarh(31),3,BGAUSS AUTO PRIVATE LIMITED,31,21,38,25,39,154,,,,
Chhattisgarh(31),4,BOUNCE ELECTRIC 1 PVT LTD,1,0,0,0,0,1,,,,
Chhattisgarh(31),5,CHINA HAOCHEN (IMPORTER: ADMS MARKETING),0,1,0,0,0,1,,,,
Chhattisgarh(31),6,GODAWARI ELECTRIC MOTORS PVT LTD,1,5,0,1,2,9,,,,
Chhattisgarh(31),7,GREAVES ELECTRIC MOBILITY LTD,49,75,78,60,65,327,,,,
Chhattisgarh(31),8,HERO MOTOCORP LTD,319,246,405,197,305,"1,472",,,,
Chhattisgarh(31),9,HONDA MOTORCYCLE AND SCOOTER INDIA (P) LTD,0,0,2,7,9,18,,,,
Chhattisgarh(31),10,KAINING (HONGKONG) (IMPORTER:RAILIES MOTO),1,0,0,0,0,1,,,,
Chhattisgarh(31),11,KINETIC GREEN ENERGY & POWER SOLUTIONS LTD,9,19,8,8,6,50,,,,
Chhattisgarh(31),12,KLB KOMAKI PVT LTD,5,2,6,6,7,26,,,,
Chhattisgarh(31),13,LECTRIX E VEHICLES PVT LTD,0,41,0,4,1,46,,,,
Chhattisgarh(31),14,MATTER MOTOR WORKS PVT LTD,0,1,2,2,2,7,,,,
Chhattisgarh(31),15,OBEN ELECTRIC VEHICLES PVT LTD,4,12,8,10,13,47,,,,
Chhattisgarh(31),16,OKINAWA AUTOTECH PVT LTD,6,0,4,4,5,19,,,,
Chhattisgarh(31),17,OLA ELECTRIC TECHNOLOGIES PVT LTD,157,99,289,281,293,"1,119",,,,
Chhattisgarh(31),18,OPG MOBILITY AND POWER PVT LTD,4,5,2,2,6,19,,,,
Chhattisgarh(31),19,PUR ENERGY PVT LTD,0,0,0,0,1,1,,,,
Chhattisgarh(31),20,REVOLT INTELLICORP PVT LTD,5,0,9,13,2,29,,,,
Chhattisgarh(31),21,SUZUKI MOTORCYCLE INDIA PVT LTD,0,6,7,4,6,23,,,,
Chhattisgarh(31),22,TVS MOTOR COMPANY LTD,"1,328","1,166","1,675",890,"1,307","6,366",,,,
Chhattisgarh(31),23,ULTRAVIOLETTE AUTOMOTIVE PVT LTD,0,1,0,0,0,1,,,,
Chhattisgarh(31),24,WARDWIZARD INNOVATIONS & MOBILITY LIMITED,9,3,1,6,0,19,,,,
Chhattisgarh(31),25,WUXI SHENGBAO (IMPORTER:ELECTRIC ONE ENERGY),0,0,2,0,1,3,,,,
Chhattisgarh(31),26,ZELIO E-MOBILITY LTD,1,1,0,0,0,2,,,,
Chandigarh(1),1,ATHER ENERGY LTD,11,13,22,20,19,85,,,,
Chandigarh(1),2,BAJAJ AUTO LTD,22,16,45,36,59,178,,,,
Chandigarh(1),3,BMW INDIA PVT LTD,0,0,1,1,0,2,,,,
Chandigarh(1),4,GREAVES ELECTRIC MOBILITY LTD,15,10,14,17,28,84,,,,
Chandigarh(1),5,HERO MOTOCORP LTD,11,12,26,28,32,109,,,,
Chandigarh(1),6,HONDA MOTORCYCLE AND SCOOTER INDIA (P) LTD,1,0,1,2,3,7,,,,
Chandigarh(1),7,OBEN ELECTRIC VEHICLES PVT LTD,3,0,1,2,4,10,,,,
Chandigarh(1),8,OLA ELECTRIC TECHNOLOGIES PVT LTD,5,0,0,0,0,5,,,,
Chandigarh(1),9,OPG MOBILITY AND POWER PVT LTD,0,0,1,1,0,2,,,,
Chandigarh(1),10,REVOLT INTELLICORP PVT LTD,0,0,0,0,1,1,,,,
Chandigarh(1),11,SUZUKI MOTORCYCLE INDIA PVT LTD,0,0,1,0,0,1,,,,
Chandigarh(1),12,TVS MOTOR COMPANY LTD,19,19,52,33,34,157,,,,
Chandigarh(1),13,WUXI YIZHILING (IMPORTER: HOMFEEL VEGH),40,0,0,0,0,40,,,,
UT of DNH and DD(3),1,ATHER ENERGY LTD,8,8,6,9,9,40,,,,
UT of DNH and DD(3),2,BAJAJ AUTO LTD,5,6,4,6,8,29,,,,
UT of DNH and DD(3),3,BGAUSS AUTO PRIVATE LIMITED,0,1,0,0,0,1,,,,
UT of DNH and DD(3),4,BMW INDIA PVT LTD,1,0,0,0,0,1,,,,
UT of DNH and DD(3),5,ECOBIT INTERNATIONAL(IMPORTER: JHEV MOTORS),0,0,1,0,0,1,,,,
UT of DNH and DD(3),6,HERO MOTOCORP LTD,1,1,2,0,0,4,,,,
UT of DNH and DD(3),7,OLA ELECTRIC TECHNOLOGIES PVT LTD,0,2,0,0,0,2,,,,
UT of DNH and DD(3),8,REVOLT INTELLICORP PVT LTD,0,0,1,0,0,1,,,,
UT of DNH and DD(3),9,TVS MOTOR COMPANY LTD,0,3,4,2,4,13,,,,
Delhi(16),1,ATHER ENERGY LTD,311,326,459,362,421,"1,879",,,,
Delhi(16),2,BAJAJ AUTO LTD,382,307,576,515,553,"2,333",,,,
Delhi(16),3,BGAUSS AUTO PRIVATE LIMITED,211,319,587,"1,188","1,114","3,419",,,,
Delhi(16),4,BMW INDIA PVT LTD,0,3,0,2,0,5,,,,
Delhi(16),5,BOOMA INNOVATIVE TRANSPORT SULUTIONS PVT LTD,3,0,0,80,160,243,,,,
Delhi(16),6,BOUNCE ELECTRIC 1 PVT LTD,1,0,0,0,0,1,,,,
Delhi(16),7,E-SPRINTO GREEN ENERGY PVT LTD,880,0,196,204,115,"1,395",,,,
Delhi(16),8,GREAVES ELECTRIC MOBILITY LTD,315,153,140,400,140,"1,148",,,,
Delhi(16),9,HERO ELECTRIC VEHICLES PVT. LTD,0,1,0,0,0,1,,,,
Delhi(16),10,HERO MOTOCORP LTD,435,357,535,489,510,"2,326",,,,
Delhi(16),11,HONDA MOTORCYCLE AND SCOOTER INDIA (P) LTD,11,10,16,12,29,78,,,,
Delhi(16),12,INDIA YAMAHA MOTOR PVT LTD,0,0,0,4,6,10,,,,
Delhi(16),13,IRA EDUTECH PVT LTD,0,0,0,3,0,3,,,,
Delhi(16),14,JIANGSU DALONG JIANHAO (IMPORTER: MK FLYING),0,6,1,1,1,9,,,,
Delhi(16),15,JIANGSU XINRI (IMPORTER: ECO FUEL SYSTEMS LTD),0,1,0,0,3,4,,,,
Delhi(16),16,JITENDRA NEW EV-TECH PVT. LTD,1,0,4,0,5,10,,,,
Delhi(16),17,KINETIC GREEN ENERGY & POWER SOLUTIONS LTD,5,1,6,73,9,94,,,,
Delhi(16),18,KINETIC WATTS AND VOLTS LTD,0,0,0,0,2,2,,,,
Delhi(16),19,KLB KOMAKI PVT LTD,13,16,7,11,12,59,,,,
Delhi(16),20,LECTRIX E VEHICLES PVT LTD,67,87,125,53,151,483,,,,
Delhi(16),21,MATTER MOTOR WORKS PVT LTD,14,3,2,6,2,27,,,,
Delhi(16),22,MOTOVOLT MOBILITY PVT LTD,86,160,269,0,221,736,,,,
Delhi(16),23,NANJING VMOTO (IMPORTER: VAJRAM ELECTRIC MOBILITY),2,2,0,2,0,6,,,,
Delhi(16),24,OBEN ELECTRIC VEHICLES PVT LTD,49,39,49,54,29,220,,,,
Delhi(16),25,ODYSSE ELECTRIC VEHICLES PVT LTD,0,0,0,3,3,6,,,,
Delhi(16),26,OKINAWA AUTOTECH PVT LTD,9,0,0,0,1,10,,,,
Delhi(16),27,OLA ELECTRIC TECHNOLOGIES PVT LTD,163,73,151,241,157,785,,,,
Delhi(16),28,OPG MOBILITY AND POWER PVT LTD,2,1,2,2,0,7,,,,
Delhi(16),29,PUR ENERGY PVT LTD,0,0,1,0,0,1,,,,
Delhi(16),30,QUANTUM ENERGY LTD.,120,10,0,33,161,324,,,,
Delhi(16),31,REVOLT INTELLICORP PVT LTD,18,39,45,31,29,162,,,,
Delhi(16),32,RIVER MOBILITY PVT LTD,57,67,116,92,82,414,,,,
Delhi(16),33,SIMPLEENERGY PVT LTD,18,17,49,30,29,143,,,,
Delhi(16),34,SOKUDO ELECTRIC INDIA PVT LTD,10,22,28,8,6,74,,,,
Delhi(16),35,SUZUKI MOTORCYCLE INDIA PVT LTD,5,9,2,3,7,26,,,,
Delhi(16),36,TVS MOTOR COMPANY LTD,682,501,756,632,705,"3,276",,,,
Delhi(16),37,ULTRAVIOLETTE AUTOMOTIVE PVT LTD,11,12,3,10,7,43,,,,
Delhi(16),38,VELOCIFERO (IMPORTER: KAWVELOCE MOTORS PVT LTD),1,0,0,0,0,1,,,,
Goa(13),1,AMPERE VEHICLES PRIVATE LIMITED,0,0,4,0,0,4,,,,
Goa(13),2,ATHER ENERGY LTD,209,188,404,350,235,"1,386",,,,
Goa(13),3,BAJAJ AUTO LTD,231,232,414,237,198,"1,312",,,,
Goa(13),4,BGAUSS AUTO PRIVATE LIMITED,0,0,0,2,1,3,,,,
Goa(13),5,BMW INDIA PVT LTD,5,4,0,1,1,11,,,,
Goa(13),6,GOREEN E-MOBILITY PVT LTD,0,0,1,0,0,1,,,,
Goa(13),7,GREAVES ELECTRIC MOBILITY LTD,23,7,29,10,11,80,,,,
Goa(13),8,HERO MOTOCORP LTD,44,49,98,63,31,285,,,,
Goa(13),9,HONGKONG YIXING (IMPORTER: ADMS MARKETING),0,0,0,1,0,1,,,,
Goa(13),10,KLB KOMAKI PVT LTD,2,1,5,2,4,14,,,,
Goa(13),11,RGM BUSINESS PLUS PVT LTD,0,1,0,0,0,1,,,,
Goa(13),12,RIVER MOBILITY PVT LTD,0,2,1,1,0,4,,,,
Goa(13),13,SIMPLEENERGY PVT LTD,40,57,183,105,92,477,,,,
Goa(13),14,SUZUKI MOTORCYCLE INDIA PVT LTD,1,1,0,1,0,3,,,,
Goa(13),15,TVS MOTOR COMPANY LTD,59,69,125,103,83,439,,,,
Goa(13),16,ULTRAVIOLETTE AUTOMOTIVE PVT LTD,3,2,1,0,0,6,,,,
Goa(13),17,VELOCIFERO (IMPORTER: KAWVELOCE MOTORS PVT LTD),1,0,0,0,0,1,,,,
Goa(13),18,WARDWIZARD INNOVATIONS & MOBILITY LIMITED,0,0,0,0,2,2,,,,
Gujarat(37),1,A-1 SUREJA INDUSTRIES,1,0,0,1,0,2,,,,
Gujarat(37),2,ABZO MOTORS PVT LTD,22,160,108,2,2,294,,,,
Gujarat(37),3,AMPERE VEHICLES PRIVATE LIMITED,0,0,2,0,0,2,,,,
Gujarat(37),4,ATHER ENERGY LTD,"1,351","1,298","2,105","1,725","1,354","7,833",,,,
Gujarat(37),5,BAJAJ AUTO LTD,"1,788","1,651","3,038","2,339","2,644","11,460",,,,
Gujarat(37),6,BATTRE ELECTRIC MOBLITY PVT LTD,3,1,1,1,1,7,,,,
Gujarat(37),7,BGAUSS AUTO PRIVATE LIMITED,128,83,188,118,166,683,,,,
Gujarat(37),8,BMW INDIA PVT LTD,2,1,2,1,0,6,,,,
Gujarat(37),9,BOUNCE ELECTRIC 1 PVT LTD,1,2,0,1,0,4,,,,
Gujarat(37),10,ECOPLANET MOTORS PVT LTD,0,1,0,1,0,2,,,,
Gujarat(37),11,ELECTROTHERM (INDIA) LIMITED,0,1,0,0,0,1,,,,
Gujarat(37),12,EYAMAUTO MOBILITY PVT LTD,0,1,0,0,0,1,,,,
Gujarat(37),13,GODAWARI ELECTRIC MOTORS PVT LTD,6,0,1,2,1,10,,,,
Gujarat(37),14,GREAVES ELECTRIC MOBILITY LTD,127,88,216,226,243,900,,,,
Gujarat(37),15,HERO MOTOCORP LTD,504,492,829,470,602,"2,897",,,,
Gujarat(37),16,HONDA MOTORCYCLE AND SCOOTER INDIA (P) LTD,12,4,8,9,19,52,,,,
Gujarat(37),17,INDIA YAMAHA MOTOR PVT LTD,0,0,0,2,4,6,,,,
Gujarat(37),18,JIANGSU XINRI (IMPORTER: ECO FUEL SYSTEMS LTD),0,1,0,1,1,3,,,,
Gujarat(37),19,JITENDRA NEW EV-TECH PVT. LTD,0,0,1,1,2,4,,,,
Gujarat(37),20,JUNENG MOTORCYCLE (IMPORTER: JHEV MOTORS PVT LTD),0,1,0,0,1,2,,,,
Gujarat(37),21,KAINING (HONGKONG) (IMPORTER: COMPTECH MOTOCORP),30,21,16,20,33,120,,,,
Gujarat(37),22,KAINING (HONGKONG) (IMPORTER:M/S IZANAU ELECTRIC),1,0,0,0,0,1,,,,
Gujarat(37),23,KINETIC GREEN ENERGY & POWER SOLUTIONS LTD,2,2,0,1,0,5,,,,
Gujarat(37),24,KINETIC WATTS AND VOLTS LTD,18,10,35,41,43,147,,,,
Gujarat(37),25,KLB KOMAKI PVT LTD,2,3,4,2,3,14,,,,
Gujarat(37),26,LECTRIX E VEHICLES PVT LTD,3,0,0,0,1,4,,,,
Gujarat(37),27,MAC INTERNATIONAL (IMPORTER: JHEV MOTORS PVT LTD),0,1,0,0,0,1,,,,
Gujarat(37),28,MATTER MOTOR WORKS PVT LTD,31,7,17,12,25,92,,,,
Gujarat(37),29,MECPOWER MOBILITY PVT. LTD.,2,0,2,0,1,5,,,,
Gujarat(37),30,MERCURY EV TECH LTD,3,11,14,17,12,57,,,,
Gujarat(37),31,NANJING VMOTO (IMPORTER: VAJRAM ELECTRIC MOBILITY),0,0,0,1,0,1,,,,
Gujarat(37),32,OBEN ELECTRIC VEHICLES PVT LTD,9,7,22,18,7,63,,,,
Gujarat(37),33,ODYSSE ELECTRIC VEHICLES PVT LTD,0,0,0,0,1,1,,,,
Gujarat(37),34,OKINAWA AUTOTECH PVT LTD,0,1,1,9,8,19,,,,
Gujarat(37),35,OLA ELECTRIC TECHNOLOGIES PVT LTD,319,112,259,603,444,"1,737",,,,
Gujarat(37),36,OPG MOBILITY AND POWER PVT LTD,0,0,0,2,3,5,,,,
Gujarat(37),37,PUR ENERGY PVT LTD,0,2,0,2,1,5,,,,
Gujarat(37),38,REVOLT INTELLICORP PVT LTD,63,30,123,60,67,343,,,,
Gujarat(37),39,RIVER MOBILITY PVT LTD,7,18,27,77,75,204,,,,
Gujarat(37),40,SIMPLEENERGY PVT LTD,0,0,0,0,4,4,,,,
Gujarat(37),41,SOKUDO ELECTRIC INDIA PVT LTD,16,4,8,25,16,69,,,,
Gujarat(37),42,SUZUKI MOTORCYCLE INDIA PVT LTD,26,24,32,15,41,138,,,,
Gujarat(37),43,TVS MOTOR COMPANY LTD,"1,049",992,"1,633","1,207","1,289","6,170",,,,
Gujarat(37),44,ULTRAVIOLETTE AUTOMOTIVE PVT LTD,5,5,11,10,12,43,,,,
Gujarat(37),45,VELOCIFERO (IMPORTER: KAWVELOCE MOTORS PVT LTD),0,1,0,1,0,2,,,,
Gujarat(37),46,WARDWIZARD INNOVATIONS & MOBILITY LIMITED,0,6,2,7,4,19,,,,
Gujarat(37),47,WUXI DAYANG ELECTRIC (IMPORTER: ABZO MOTORS),1,0,0,4,6,11,,,,
Gujarat(37),48,WUXI MAYA (IMPORTER: DYNAMO ELECTRIC P. LTD.),0,0,1,0,0,1,,,,
Gujarat(37),49,WUXI TENGHUI (IMPORTER: SEEKA E MOTORS),0,0,0,0,1,1,,,,
Himachal Pradesh(98),1,ATHER ENERGY LTD,10,10,21,7,21,69,,,,
Himachal Pradesh(98),2,BAJAJ AUTO LTD,26,27,44,39,30,166,,,,
Himachal Pradesh(98),3,GREAVES ELECTRIC MOBILITY LTD,1,2,1,2,6,12,,,,
Himachal Pradesh(98),4,HERO MOTOCORP LTD,10,8,11,9,16,54,,,,
Himachal Pradesh(98),5,KINETIC GREEN ENERGY & POWER SOLUTIONS LTD,0,0,0,0,1,1,,,,
Himachal Pradesh(98),6,KLB KOMAKI PVT LTD,0,4,1,3,10,18,,,,
Himachal Pradesh(98),7,OBEN ELECTRIC VEHICLES PVT LTD,1,0,2,1,0,4,,,,
Himachal Pradesh(98),8,OKINAWA AUTOTECH PVT LTD,4,2,0,2,0,8,,,,
Himachal Pradesh(98),9,OLA ELECTRIC TECHNOLOGIES PVT LTD,23,10,8,11,4,56,,,,
Himachal Pradesh(98),10,PUR ENERGY PVT LTD,0,0,1,1,0,2,,,,
Himachal Pradesh(98),11,RGM BUSINESS PLUS PVT LTD,0,0,0,0,1,1,,,,
Himachal Pradesh(98),12,SUZUKI MOTORCYCLE INDIA PVT LTD,0,1,4,2,0,7,,,,
Himachal Pradesh(98),13,TVS MOTOR COMPANY LTD,7,9,16,22,15,69,,,,
Himachal Pradesh(98),14,WARDWIZARD INNOVATIONS & MOBILITY LIMITED,0,2,2,3,0,7,,,,
Himachal Pradesh(98),15,WARIVO MOTOR INDIA PVT LTD,0,0,0,1,0,1,,,,
Haryana(104),1,AMPERE VEHICLES PRIVATE LIMITED,0,0,1,0,0,1,,,,
Haryana(104),2,ATHER ENERGY LTD,64,81,127,116,125,513,,,,
Haryana(104),3,BAJAJ AUTO LTD,169,137,309,278,367,"1,260",,,,
Haryana(104),4,BGAUSS AUTO PRIVATE LIMITED,2,14,8,6,5,35,,,,
Haryana(104),5,GOREEN E-MOBILITY PVT LTD,0,0,0,33,0,33,,,,
Haryana(104),6,GREAVES ELECTRIC MOBILITY LTD,47,11,30,39,63,190,,,,
Haryana(104),7,HERO ELECTRIC VEHICLES PVT. LTD,0,2,1,1,0,4,,,,
Haryana(104),8,HERO MOTOCORP LTD,106,107,153,110,96,572,,,,
Haryana(104),9,HONDA MOTORCYCLE AND SCOOTER INDIA (P) LTD,0,0,0,6,21,27,,,,
Haryana(104),10,INDIA YAMAHA MOTOR PVT LTD,0,0,0,1,0,1,,,,
Haryana(104),11,KABIRA MOBILITY LLP,0,1,0,0,0,1,,,,
Haryana(104),12,KINETIC GREEN ENERGY & POWER SOLUTIONS LTD,0,1,0,91,2,94,,,,
Haryana(104),13,KINETIC WATTS AND VOLTS LTD,0,0,9,6,8,23,,,,
Haryana(104),14,KLB KOMAKI PVT LTD,4,6,3,2,5,20,,,,
Haryana(104),15,LECTRIX E VEHICLES PVT LTD,0,30,16,5,4,55,,,,
Haryana(104),16,MATTER MOTOR WORKS PVT LTD,0,0,1,0,0,1,,,,
Haryana(104),17,MOTOVOLT MOBILITY PVT LTD,0,3,2,1,2,8,,,,
Haryana(104),18,OBEN ELECTRIC VEHICLES PVT LTD,4,7,9,6,3,29,,,,
Haryana(104),19,OKINAWA AUTOTECH PVT LTD,0,1,0,1,1,3,,,,
Haryana(104),20,OLA ELECTRIC TECHNOLOGIES PVT LTD,241,91,364,109,549,"1,354",,,,
Haryana(104),21,OPG MOBILITY AND POWER PVT LTD,0,0,0,2,0,2,,,,
Haryana(104),22,QUANTUM ENERGY LTD.,0,0,1,0,0,1,,,,
Haryana(104),23,REVOLT INTELLICORP PVT LTD,14,6,18,25,12,75,,,,
Haryana(104),24,RGM BUSINESS PLUS PVT LTD,0,1,0,0,0,1,,,,
Haryana(104),25,RIVER MOBILITY PVT LTD,2,0,0,0,0,2,,,,
Haryana(104),26,SOKUDO ELECTRIC INDIA PVT LTD,4,17,12,2,0,35,,,,
Haryana(104),27,SUZUKI MOTORCYCLE INDIA PVT LTD,1,4,3,13,4,25,,,,
Haryana(104),28,TVS MOTOR COMPANY LTD,260,214,455,339,351,"1,619",,,,
Haryana(104),29,ULTRAVIOLETTE AUTOMOTIVE PVT LTD,0,1,0,0,0,1,,,,
Haryana(104),30,WARIVO MOTOR INDIA PVT LTD,1,5,1,2,1,10,,,,
Haryana(104),31,YOUYAKU ELECTRIC (IMPORTER:ONZO EV),1,0,0,0,0,1,,,,
Jharkhand(25),1,A-1 SUREJA INDUSTRIES,0,0,1,0,0,1,,,,
Jharkhand(25),2,ATHER ENERGY LTD,106,126,204,126,191,753,,,,
Jharkhand(25),3,BAJAJ AUTO LTD,107,87,107,121,176,598,,,,
Jharkhand(25),4,BMW INDIA PVT LTD,0,0,2,0,0,2,,,,
Jharkhand(25),5,GREAVES ELECTRIC MOBILITY LTD,95,56,121,131,212,615,,,,
Jharkhand(25),6,HERO MOTOCORP LTD,143,127,180,133,173,756,,,,
Jharkhand(25),7,HONDA MOTORCYCLE AND SCOOTER INDIA (P) LTD,0,0,4,5,29,38,,,,
Jharkhand(25),8,KINETIC GREEN ENERGY & POWER SOLUTIONS LTD,2,2,4,0,4,12,,,,
Jharkhand(25),9,KLB KOMAKI PVT LTD,3,8,12,9,17,49,,,,
Jharkhand(25),10,LECTRIX E VEHICLES PVT LTD,12,17,19,25,26,99,,,,
Jharkhand(25),11,OBEN ELECTRIC VEHICLES PVT LTD,3,1,5,7,4,20,,,,
Jharkhand(25),12,OKINAWA AUTOTECH PVT LTD,3,2,0,1,4,10,,,,
Jharkhand(25),13,OLA ELECTRIC TECHNOLOGIES PVT LTD,120,49,165,204,172,710,,,,
Jharkhand(25),14,OPG MOBILITY AND POWER PVT LTD,5,1,0,3,3,12,,,,
Jharkhand(25),15,PUR ENERGY PVT LTD,0,0,1,5,0,6,,,,
Jharkhand(25),16,QUANTUM ENERGY LTD.,3,2,5,5,19,34,,,,
Jharkhand(25),17,REVOLT INTELLICORP PVT LTD,10,5,11,4,11,41,,,,
Jharkhand(25),18,RGM BUSINESS PLUS PVT LTD,0,0,0,1,0,1,,,,
Jharkhand(25),19,SUZUKI MOTORCYCLE INDIA PVT LTD,0,10,1,3,0,14,,,,
Jharkhand(25),20,TVS MOTOR COMPANY LTD,283,322,587,429,515,"2,136",,,,
Jharkhand(25),21,WARDWIZARD INNOVATIONS & MOBILITY LIMITED,1,7,2,4,0,14,,,,
Jharkhand(25),22,WARIVO MOTOR INDIA PVT LTD,1,0,2,0,0,3,,,,
Jharkhand(25),23,WUXI TENGHUI (IMPORTER: SUSHAMA MOTORS),0,1,0,0,0,1,,,,
Jharkhand(25),24,ZELIO E-MOBILITY LTD,3,0,0,0,0,3,,,,
Jammu and Kashmir(21),1,ATHER ENERGY LTD,47,76,172,125,108,528,,,,
Jammu and Kashmir(21),2,BAJAJ AUTO LTD,43,48,96,78,52,317,,,,
Jammu and Kashmir(21),3,GREAVES ELECTRIC MOBILITY LTD,1,13,3,8,8,33,,,,
Jammu and Kashmir(21),4,HERO MOTOCORP LTD,7,4,23,20,25,79,,,,
Jammu and Kashmir(21),5,KINETIC GREEN ENERGY & POWER SOLUTIONS LTD,0,2,0,0,0,2,,,,
Jammu and Kashmir(21),6,LECTRIX E VEHICLES PVT LTD,0,0,4,9,17,30,,,,
Jammu and Kashmir(21),7,OKINAWA AUTOTECH PVT LTD,0,1,1,1,1,4,,,,
Jammu and Kashmir(21),8,OLA ELECTRIC TECHNOLOGIES PVT LTD,58,65,111,103,96,433,,,,
Jammu and Kashmir(21),9,OPG MOBILITY AND POWER PVT LTD,0,0,0,0,1,1,,,,
Jammu and Kashmir(21),10,SUZUKI MOTORCYCLE INDIA PVT LTD,0,3,2,0,0,5,,,,
Jammu and Kashmir(21),11,TVS MOTOR COMPANY LTD,14,12,58,60,46,190,,,,
Jammu and Kashmir(21),12,WUXI SAIGE (IMPORTER: ZELIO AUTO PVT.LTD.),0,0,0,0,1,1,,,,
Karnataka(68),1,AMO MOBILITY SOLUTIONS PVT LTD,0,0,0,0,1,1,,,,
Karnataka(68),2,AMPERE VEHICLES PRIVATE LIMITED,1,0,0,0,1,2,,,,
Karnataka(68),3,ANCHI MOTORCYCLE (IMPORTER: ECOTRINITY AUTOMOBILE,0,0,1,0,0,1,,,,
Karnataka(68),4,APEIRON MOBILITY PVT LTD,0,0,1,1,1,3,,,,
Karnataka(68),5,ATHER ENERGY LTD,"4,999","4,370","7,174","5,615","4,950","27,108",,,,
Karnataka(68),6,BAJAJ AUTO LTD,"1,721","1,803","2,859","2,410","2,279","11,072",,,,
Karnataka(68),7,BENLING INDIA ENERGY AND TECHNOLOGY PVT LTD,0,3,3,0,0,6,,,,
Karnataka(68),8,BGAUSS AUTO PRIVATE LIMITED,353,516,467,244,196,"1,776",,,,
Karnataka(68),9,BMR EV INDUSTRIES PVT LTD,0,0,0,0,1,1,,,,
Karnataka(68),10,BMW INDIA PVT LTD,11,11,4,1,1,28,,,,
Karnataka(68),11,BOOMA INNOVATIVE TRANSPORT SULUTIONS PVT LTD,0,1,194,6,0,201,,,,
Karnataka(68),12,BOUNCE ELECTRIC 1 PVT LTD,121,42,294,"1,076",605,"2,138",,,,
Karnataka(68),13,ELECTRIC ALLIANCE(IMPORTER: ELLYSIUM AUTOMOTIVES),0,1,0,0,0,1,,,,
Karnataka(68),14,ELTHOR ENERGY PRIVATE LIMITED,2,0,0,0,0,2,,,,
Karnataka(68),15,EMOBI MANUFACTURY PRIVATE LIMITED,33,0,0,55,2,90,,,,
Karnataka(68),16,E-SPRINTO GREEN ENERGY PVT LTD,990,960,640,260,520,"3,370",,,,
Karnataka(68),17,GOREEN E-MOBILITY PVT LTD,0,0,0,0,25,25,,,,
Karnataka(68),18,GREAVES ELECTRIC MOBILITY LTD,322,345,548,389,522,"2,126",,,,
Karnataka(68),19,HAYASA E-MOBILITY (INDIA) PVT LTD,0,2,0,0,0,2,,,,
Karnataka(68),20,HERO ELECTRIC VEHICLES PVT. LTD,0,2,0,0,0,2,,,,
Karnataka(68),21,HERO MOTOCORP LTD,"1,486","1,305","2,587","1,608","1,723","8,709",,,,
Karnataka(68),22,HONDA MOTORCYCLE AND SCOOTER INDIA (P) LTD,168,127,22,143,38,498,,,,
Karnataka(68),23,HONGKONG YIXING (IMPORTER: ADMS MARKETING),0,0,0,0,2,2,,,,
Karnataka(68),24,HSU DRAGON (IMPORTER: BMR ELECTRIC),1,0,0,6,3,10,,,,
Karnataka(68),25,HSU DRAGON (IMPORTER: BMR EV INDUSTRIES),0,0,1,0,0,1,,,,
Karnataka(68),26,INDIA YAMAHA MOTOR PVT LTD,0,0,12,15,13,40,,,,
Karnataka(68),27,IVOOMI INNOVATION PVT LTD,0,0,0,0,1,1,,,,
Karnataka(68),28,JIANGSU XINRI (IMPORTER: ECO FUEL SYSTEMS LTD),3,1,1,0,0,5,,,,
Karnataka(68),29,KABIRA MOBILITY LLP,0,1,0,0,1,2,,,,
Karnataka(68),30,KAINING (HONGKONG) (IMPORTER: COMPTECH MOTOCORP),1,0,0,1,0,2,,,,
Karnataka(68),31,KAINING (HONGKONG) (IMPORTER:M/S IZANAU ELECTRIC),1,1,0,0,0,2,,,,
Karnataka(68),32,KINETIC GREEN ENERGY & POWER SOLUTIONS LTD,13,15,7,34,29,98,,,,
Karnataka(68),33,KLB KOMAKI PVT LTD,59,62,69,59,40,289,,,,
Karnataka(68),34,LECTRIX E VEHICLES PVT LTD,0,102,91,88,4,285,,,,
Karnataka(68),35,MARUTHISAN PVT LTD,0,2,0,2,1,5,,,,
Karnataka(68),36,MATTER MOTOR WORKS PVT LTD,32,23,37,7,31,130,,,,
Karnataka(68),37,MOTOVOLT MOBILITY PVT LTD,298,312,205,145,148,"1,108",,,,
Karnataka(68),38,NANJING VMOTO (IMPORTER: VAJRAM ELECTRIC MOBILITY),0,0,0,4,0,4,,,,
Karnataka(68),39,NDS ECO MOTORS PVT LTD,4,0,2,1,0,7,,,,
Karnataka(68),40,NUMEROS MOTORS PVT LTD,11,9,14,35,8,77,,,,
Karnataka(68),41,OBEN ELECTRIC VEHICLES PVT LTD,62,63,98,116,37,376,,,,
Karnataka(68),42,ODYSSE ELECTRIC VEHICLES PVT LTD,0,30,272,143,205,650,,,,
Karnataka(68),43,OKINAWA AUTOTECH PVT LTD,10,17,26,10,16,79,,,,
Karnataka(68),44,OLA ELECTRIC TECHNOLOGIES PVT LTD,570,234,692,919,"1,461","3,876",,,,
Karnataka(68),45,OPG MOBILITY AND POWER PVT LTD,3,0,0,0,1,4,,,,
Karnataka(68),46,PORWAL ELECTRIC,0,1,0,0,0,1,,,,
Karnataka(68),47,PUR ENERGY PVT LTD,22,14,21,28,16,101,,,,
Karnataka(68),48,QUANTUM ENERGY LTD.,52,80,295,228,77,732,,,,
Karnataka(68),49,RAPTEE ENERGY PVT LTD,0,0,0,0,1,1,,,,
Karnataka(68),50,REVOLT INTELLICORP PVT LTD,25,33,90,42,52,242,,,,
Karnataka(68),51,RGM BUSINESS PLUS PVT LTD,0,1,0,0,0,1,,,,
Karnataka(68),52,RIVER MOBILITY PVT LTD,743,556,"1,089",674,621,"3,683",,,,
Karnataka(68),53,RIVOT MOTORS INDIA PVT LTD,0,1,0,0,0,1,,,,
Karnataka(68),54,ROYAL-ENFIELD (UNIT OF EICHER LTD),0,0,0,4,2,6,,,,
Karnataka(68),55,SIMPLEENERGY PVT LTD,262,330,733,415,351,"2,091",,,,
Karnataka(68),56,SRIVIJAY E-VEHICLES PVT LTD,1,0,0,1,0,2,,,,
Karnataka(68),57,SUPERECO AUTOMOTIVE CO,0,0,1,0,0,1,,,,
Karnataka(68),58,SUZUKI MOTORCYCLE INDIA PVT LTD,23,52,19,26,34,154,,,,
Karnataka(68),59,TVS MOTOR COMPANY LTD,"4,353","3,931","6,280","5,969","5,163","25,696",,,,
Karnataka(68),60,ULTRAVIOLETTE AUTOMOTIVE PVT LTD,148,91,105,117,107,568,,,,
Karnataka(68),61,VELOCIFERO (IMPORTER: KAWVELOCE MOTORS PVT LTD),0,0,0,0,2,2,,,,
Karnataka(68),62,WARDWIZARD INNOVATIONS & MOBILITY LIMITED,1,3,0,0,0,4,,,,
Karnataka(68),63,WUXI JIYAYI (IMPORTER: IZANAU ELECTRIC LLP),1,1,1,0,1,4,,,,
Karnataka(68),64,WUXI MDKA NEW ENERGY (IMPORTER: HESTUR ENERGY),0,1,1,1,2,5,,,,
Karnataka(68),65,WUXI TENGHUI (IMPORTER: JOZHI SERVICES),3,1,2,0,2,8,,,,
Karnataka(68),66,WUXI YIZHILING (IMPORTER: BMR EV INDUSTRIES),0,0,0,0,1,1,,,,
Karnataka(68),67,ZAP (HK) (IMPORTER: IZANAU ELECTRIC),0,2,0,5,1,8,,,,
Kerala(87),1,ATHER ENERGY LTD,"2,360","2,154","2,940","2,796","2,336","12,586",,,,
Kerala(87),2,BAJAJ AUTO LTD,"1,582","1,772","2,309","1,823","1,666","9,152",,,,
Kerala(87),3,BENLING INDIA ENERGY AND TECHNOLOGY PVT LTD,0,0,1,0,0,1,,,,
Kerala(87),4,BGAUSS AUTO PRIVATE LIMITED,52,29,36,36,29,182,,,,
Kerala(87),5,BMW INDIA PVT LTD,8,6,8,4,0,26,,,,
Kerala(87),6,GAURA ELECTRIC VEHICLES PVT LTD,1,1,1,2,1,6,,,,
Kerala(87),7,GODAWARI ELECTRIC MOTORS PVT LTD,2,0,0,0,0,2,,,,
Kerala(87),8,GOREEN E-MOBILITY PVT LTD,0,0,0,0,1,1,,,,
Kerala(87),9,GREAVES ELECTRIC MOBILITY LTD,57,46,72,55,51,281,,,,
Kerala(87),10,HERO ELECTRIC VEHICLES PVT. LTD,4,0,0,0,0,4,,,,
Kerala(87),11,HERO MOTOCORP LTD,564,630,929,755,810,"3,688",,,,
Kerala(87),12,HONDA MOTORCYCLE AND SCOOTER INDIA (P) LTD,1,5,2,2,10,20,,,,
Kerala(87),13,INDIA YAMAHA MOTOR PVT LTD,0,0,1,26,27,54,,,,
Kerala(87),14,JIANGSU XINRI (IMPORTER: ECO FUEL SYSTEMS LTD),0,1,0,0,0,1,,,,
Kerala(87),15,JUNENG MOTORCYCLE (IMPORTER: JHEV MOTORS PVT LTD),1,2,1,2,0,6,,,,
Kerala(87),16,JVK MOTORS PVT LTD,0,1,0,0,0,1,,,,
Kerala(87),17,KAINING (HONGKONG) (IMPORTER: VOLTA EV PVT LTD),1,2,0,0,0,3,,,,
Kerala(87),18,KINETIC GREEN ENERGY & POWER SOLUTIONS LTD,1,1,0,1,0,3,,,,
Kerala(87),19,KLB KOMAKI PVT LTD,7,11,6,12,10,46,,,,
Kerala(87),20,MATTER MOTOR WORKS PVT LTD,0,1,0,0,0,1,,,,
Kerala(87),21,NUMEROS MOTORS PVT LTD,1,16,11,2,7,37,,,,
Kerala(87),22,OBEN ELECTRIC VEHICLES PVT LTD,48,48,52,38,26,212,,,,
Kerala(87),23,OLA ELECTRIC TECHNOLOGIES PVT LTD,205,49,67,164,118,603,,,,
Kerala(87),24,PUR ENERGY PVT LTD,3,0,1,0,1,5,,,,
Kerala(87),25,REVOLT INTELLICORP PVT LTD,23,26,20,18,9,96,,,,
Kerala(87),26,RGM BUSINESS PLUS PVT LTD,1,0,0,0,0,1,,,,
Kerala(87),27,RIVER MOBILITY PVT LTD,946,825,"1,357",850,852,"4,830",,,,
Kerala(87),28,SIMPLEENERGY PVT LTD,74,129,238,184,184,809,,,,
Kerala(87),29,SUZUKI MOTORCYCLE INDIA PVT LTD,11,13,22,15,13,74,,,,
Kerala(87),30,TVS MOTOR COMPANY LTD,"1,695","1,824","2,273","1,960","1,984","9,736",,,,
Kerala(87),31,ULTRAVIOLETTE AUTOMOTIVE PVT LTD,34,24,31,31,29,149,,,,
Kerala(87),32,WUXI SHENGBAO (IMPORTER:ELECTRIC ONE ENERGY),0,0,0,2,0,2,,,,
Lakshadweep(9),1,ATHER ENERGY LTD,1,2,3,0,3,9,,,,
Lakshadweep(9),2,BAJAJ AUTO LTD,0,1,2,1,3,7,,,,
Lakshadweep(9),3,HERO MOTOCORP LTD,0,1,4,3,4,12,,,,
Lakshadweep(9),4,HONDA MOTORCYCLE AND SCOOTER INDIA (P) LTD,0,0,0,0,1,1,,,,
Lakshadweep(9),5,JIANGSU XINRI (IMPORTER: ECO FUEL SYSTEMS LTD),0,1,0,0,0,1,,,,
Lakshadweep(9),6,REVOLT INTELLICORP PVT LTD,0,1,0,0,1,2,,,,
Lakshadweep(9),7,RIVER MOBILITY PVT LTD,0,0,1,1,0,2,,,,
Lakshadweep(9),8,TVS MOTOR COMPANY LTD,1,4,2,1,5,13,,,,
Maharashtra(59),1,ADRIS ELECTRIC PVT LTD,0,0,0,2,0,2,,,,
Maharashtra(59),2,ATHER ENERGY LTD,"3,642","3,174","6,426","4,884","4,005","22,131",,,,
Maharashtra(59),3,BAJAJ AUTO LTD,"7,388","6,490","13,279","8,936","8,340","44,433",,,,
Maharashtra(59),4,BATTRE ELECTRIC MOBLITY PVT LTD,8,0,8,5,5,26,,,,
Maharashtra(59),5,BENLING INDIA ENERGY AND TECHNOLOGY PVT LTD,0,0,2,8,0,10,,,,
Maharashtra(59),6,BGAUSS AUTO PRIVATE LIMITED,467,411,734,457,389,"2,458",,,,
Maharashtra(59),7,BMW INDIA PVT LTD,37,23,16,8,1,85,,,,
Maharashtra(59),8,BOOMA INNOVATIVE TRANSPORT SULUTIONS PVT LTD,132,0,15,0,1,148,,,,
Maharashtra(59),9,CHINA HAOCHEN (IMPORTER: ADMS MARKETING),0,1,1,0,0,2,,,,
Maharashtra(59),10,DAO EVTECH PRIVATE LIMITED,0,1,0,0,0,1,,,,
Maharashtra(59),11,ECOBIT INTERNATIONAL(IMPORTER: JHEV MOTORS),1,0,0,0,0,1,,,,
Maharashtra(59),12,ELECTRIC ALLIANCE(IMPORTER: ELLYSIUM AUTOMOTIVES),14,17,8,9,1,49,,,,
Maharashtra(59),13,ELEGO MOTORS PVT LTD,0,1,1,1,0,3,,,,
Maharashtra(59),14,E-SPRINTO GREEN ENERGY PVT LTD,0,40,511,49,0,600,,,,
Maharashtra(59),15,GODAWARI ELECTRIC MOTORS PVT LTD,0,1,0,0,0,1,,,,
Maharashtra(59),16,GREAVES ELECTRIC MOBILITY LTD,297,220,405,313,309,"1,544",,,,
Maharashtra(59),17,HAYASA E-MOBILITY (INDIA) PVT LTD,1,0,0,0,0,1,,,,
Maharashtra(59),18,HERO ELECTRIC VEHICLES PVT. LTD,0,0,1,0,0,1,,,,
Maharashtra(59),19,HERO MOTOCORP LTD,"1,649","1,292","2,955","1,729","1,471","9,096",,,,
Maharashtra(59),20,HONDA MOTORCYCLE AND SCOOTER INDIA (P) LTD,40,16,23,28,51,158,,,,
Maharashtra(59),21,HONGKONG RUIQUE (IMPORTER: DAO EVTECH),1,2,3,0,1,7,,,,
Maharashtra(59),22,HONGKONG WANGYUAN (IMPORTER: GBB E MOBILITY),20,7,0,5,3,35,,,,
Maharashtra(59),23,HONGKONG YIXING (IMPORTER: ADMS MARKETING),0,5,1,1,0,7,,,,
Maharashtra(59),24,INDIA YAMAHA MOTOR PVT LTD,0,0,9,6,8,23,,,,
Maharashtra(59),25,IVOOMI INNOVATION PVT LTD,2,3,0,0,1,6,,,,
Maharashtra(59),26,IZANAU ELECTRIC LLP,2,1,0,0,0,3,,,,
Maharashtra(59),27,JIANGSU DALONG (IMPORTER: ENGTIAN ELECTRIC),0,0,0,0,1,1,,,,
Maharashtra(59),28,JIANGSU DALONG (IMPORTER: RILOX EV PVT LTD),0,24,13,0,0,37,,,,
Maharashtra(59),29,JIANGSU XINRI (IMPORTER: ECO FUEL SYSTEMS LTD),1,0,1,3,1,6,,,,
Maharashtra(59),30,JITENDRA NEW EV-TECH PVT. LTD,17,8,17,8,28,78,,,,
Maharashtra(59),31,JUNENG MOTORCYCLE (IMPORTER: ADMS MARKETING),0,1,2,0,0,3,,,,
Maharashtra(59),32,JUNENG MOTORCYCLE (IMPORTER: JHEV MOTORS PVT LTD),1,0,0,7,2,10,,,,
Maharashtra(59),33,KABIRA MOBILITY LLP,0,0,0,1,0,1,,,,
Maharashtra(59),34,KAINING (HONGKONG) (IMPORTER: BMR EV INDUSTRIES),0,1,0,0,0,1,,,,
Maharashtra(59),35,KAINING (HONGKONG) (IMPORTER: COMPTECH MOTOCORP),235,209,369,649,325,"1,787",,,,
Maharashtra(59),36,KAINING (HONGKONG) (IMPORTER:M/S IZANAU ELECTRIC),1,0,0,3,0,4,,,,
Maharashtra(59),37,KAINING (HONGKONG) (IMPORTER: SEEKA E MOTORS),10,11,7,7,3,38,,,,
Maharashtra(59),38,KINETIC GREEN ENERGY & POWER SOLUTIONS LTD,92,65,101,67,26,351,,,,
Maharashtra(59),39,KINETIC WATTS AND VOLTS LTD,37,26,44,37,30,174,,,,
Maharashtra(59),40,KLB KOMAKI PVT LTD,51,31,26,37,38,183,,,,
Maharashtra(59),41,KYTE ENERGY PVT. LTD.,0,2,7,5,1,15,,,,
Maharashtra(59),42,LECTRIX E VEHICLES PVT LTD,6,14,11,40,29,100,,,,
Maharashtra(59),43,MATTER MOTOR WORKS PVT LTD,7,4,11,3,8,33,,,,
Maharashtra(59),44,MERCURY EV TECH LTD,1,0,64,2,11,78,,,,
Maharashtra(59),45,MOTOVOLT MOBILITY PVT LTD,0,0,40,2,112,154,,,,
Maharashtra(59),46,NANJING VMOTO (IMPORTER: VAJRAM ELECTRIC MOBILITY),0,3,3,4,1,11,,,,
Maharashtra(59),47,NIA EV MOTORS PVT LTD,0,0,0,0,6,6,,,,
Maharashtra(59),48,NUMEROS MOTORS PVT LTD,0,0,0,0,5,5,,,,
Maharashtra(59),49,OBEN ELECTRIC VEHICLES PVT LTD,40,38,66,87,59,290,,,,
Maharashtra(59),50,ODYSSE ELECTRIC VEHICLES PVT LTD,300,296,124,1,0,721,,,,
Maharashtra(59),51,OKINAWA AUTOTECH PVT LTD,5,5,2,14,6,32,,,,
Maharashtra(59),52,OLA ELECTRIC TECHNOLOGIES PVT LTD,644,220,851,"1,294","1,320","4,329",,,,
Maharashtra(59),53,OPG MOBILITY AND POWER PVT LTD,1,1,3,1,0,6,,,,
Maharashtra(59),54,PUR ENERGY PVT LTD,5,7,12,14,7,45,,,,
Maharashtra(59),55,QUANTUM ENERGY LTD.,0,1,205,20,1,227,,,,
Maharashtra(59),56,REVOLT INTELLICORP PVT LTD,93,97,256,157,109,712,,,,
Maharashtra(59),57,RGM BUSINESS PLUS PVT LTD,2,0,1,0,0,3,,,,
Maharashtra(59),58,RIVER MOBILITY PVT LTD,93,84,224,218,160,779,,,,
Maharashtra(59),59,SBTEK E MOTO PVT LTD,0,0,1,0,0,1,,,,
Maharashtra(59),60,SEEKA E MOTORS PVT LTD,2,0,1,1,1,5,,,,
Maharashtra(59),61,SIMPLEENERGY PVT LTD,29,33,122,77,75,336,,,,
Maharashtra(59),62,SMAP VEHICLES (IMPORTER: ELEGO MOTORS),0,0,1,0,0,1,,,,
Maharashtra(59),63,SUZUKI MOTORCYCLE INDIA PVT LTD,38,52,38,26,28,182,,,,
Maharashtra(59),64,TVS MOTOR COMPANY LTD,"4,710","3,460","6,183","5,073","3,963","23,389",,,,
Maharashtra(59),65,ULTRAVIOLETTE AUTOMOTIVE PVT LTD,54,52,47,64,59,276,,,,
Maharashtra(59),66,VELOCIFERO (IMPORTER: KAWVELOCE MOTORS PVT LTD),14,9,28,15,10,76,,,,
Maharashtra(59),67,WARDWIZARD INNOVATIONS & MOBILITY LIMITED,23,13,12,35,8,91,,,,
Maharashtra(59),68,WUXI JIYAYI (IMPORTER: IZANAU ELECTRIC LLP),12,7,1,21,6,47,,,,
Maharashtra(59),69,WUXI MDKA NEW ENERGY (IMPORTER: HESTUR ENERGY),14,2,3,2,6,27,,,,
Maharashtra(59),70,WUXI TENGHUI (IMPORTER: SEEKA E MOTORS),2,2,3,2,0,9,,,,
Maharashtra(59),71,YOUYAKU ELECTRIC (IMPORTER: HAYASA E-MOBILITY),1,0,0,0,0,1,,,,
Maharashtra(59),72,ZAP (HK) (IMPORTER: IZANAU ELECTRIC),3,3,0,3,1,10,,,,
Maharashtra(59),73,ZAP (IMPORTER:ELLYSIUM AUTOMOTIVES PVT LTD),20,7,6,3,2,38,,,,
Maharashtra(59),74,ZELIO E-MOBILITY LTD,0,0,0,2,0,2,,,,
Maharashtra(59),75,ZHEJIANG LUYUAN (IMPORTER: DYNAM EV TECH),0,0,0,4,0,4,,,,
Meghalaya(14),1,ATHER ENERGY LTD,6,2,7,15,2,32,,,,
Meghalaya(14),2,BAJAJ AUTO LTD,3,3,6,7,1,20,,,,
Meghalaya(14),3,BMW INDIA PVT LTD,1,0,0,0,0,1,,,,
Meghalaya(14),4,JUNENG MOTORCYCLE TECH. (IMPORTER: DELTA AUTOCORP),0,0,0,0,1,1,,,,
Meghalaya(14),5,OLA ELECTRIC TECHNOLOGIES PVT LTD,2,0,0,1,0,3,,,,
Meghalaya(14),6,SUZUKI MOTORCYCLE INDIA PVT LTD,1,0,0,0,0,1,,,,
Meghalaya(14),7,TVS MOTOR COMPANY LTD,0,1,1,2,0,4,,,,
Meghalaya(14),8,ULTRAVIOLETTE AUTOMOTIVE PVT LTD,0,0,0,0,1,1,,,,
Meghalaya(14),9,WUXI SAIGE ELECTRIC (IMPORTER: DELTA AUTOCORP LLP),0,0,0,0,2,2,,,,
Manipur(17),1,AMPERE VEHICLES PRIVATE LIMITED,0,0,0,0,2,2,,,,
Manipur(17),2,BAJAJ AUTO LTD,0,0,90,13,28,131,,,,
Manipur(17),3,GODAWARI ELECTRIC MOTORS PVT LTD,0,1,0,0,0,1,,,,
Manipur(17),4,HERO MOTOCORP LTD,10,9,19,3,3,44,,,,
Manipur(17),5,KINETIC GREEN ENERGY & POWER SOLUTIONS LTD,0,0,0,2,1,3,,,,
Manipur(17),6,PUR ENERGY PVT LTD,0,1,0,0,0,1,,,,
Manipur(17),7,TVS MOTOR COMPANY LTD,18,21,37,15,34,125,,,,
Madhya Pradesh(53),1,AMPERE VEHICLES PRIVATE LIMITED,0,0,1,0,0,1,,,,
Madhya Pradesh(53),2,ATHER ENERGY LTD,"1,315","1,321","2,474",976,"1,025","7,111",,,,
Madhya Pradesh(53),3,BAJAJ AUTO LTD,"2,746","2,968","4,589","2,939","3,199","16,441",,,,
Madhya Pradesh(53),4,BATTRE ELECTRIC MOBLITY PVT LTD,0,0,0,2,0,2,,,,
Madhya Pradesh(53),5,BENLING INDIA ENERGY AND TECHNOLOGY PVT LTD,1,0,1,0,0,2,,,,
Madhya Pradesh(53),6,BGAUSS AUTO PRIVATE LIMITED,78,42,101,47,68,336,,,,
Madhya Pradesh(53),7,BOUNCE ELECTRIC 1 PVT LTD,0,0,4,0,0,4,,,,
Madhya Pradesh(53),8,ECOBIT INTERNATIONAL(IMPORTER: JHEV MOTORS),1,1,0,1,0,3,,,,
Madhya Pradesh(53),9,ENIGMA AUTOMOBILES PVT LTD,0,0,0,0,38,38,,,,
Madhya Pradesh(53),10,GREAVES ELECTRIC MOBILITY LTD,119,148,208,63,106,644,,,,
Madhya Pradesh(53),11,HERO ELECTRIC VEHICLES PVT. LTD,0,0,1,0,0,1,,,,
Madhya Pradesh(53),12,HERO MOTOCORP LTD,"1,149","1,121","1,878","1,078","1,389","6,615",,,,
Madhya Pradesh(53),13,HONDA MOTORCYCLE AND SCOOTER INDIA (P) LTD,5,10,10,19,20,64,,,,
Madhya Pradesh(53),14,HONGKONG YIXING (IMPORTER: ADMS MARKETING),0,0,1,0,0,1,,,,
Madhya Pradesh(53),15,HOP ELECTRIC MOBILITY PVT LTD,0,0,2,0,0,2,,,,
Madhya Pradesh(53),16,IVOOMI INNOVATION PVT LTD,3,10,7,2,2,24,,,,
Madhya Pradesh(53),17,JIANGSU SUNHOU (IMPORTER: KAGDI TECH SOLUTIONS),6,1,12,5,8,32,,,,
Madhya Pradesh(53),18,JUNENG MOTORCYCLE (IMPORTER: ISCOOT MOTERS),0,2,0,0,0,2,,,,
Madhya Pradesh(53),19,KAINING (HONGKONG) (IMPORTER: COMPTECH MOTOCORP),5,0,0,1,0,6,,,,
Madhya Pradesh(53),20,KAINING (HONGKONG) (IMPORTER: ENIGMA AUTOMOBILES),0,0,0,0,80,80,,,,
Madhya Pradesh(53),21,KINETIC GREEN ENERGY & POWER SOLUTIONS LTD,22,18,37,10,15,102,,,,
Madhya Pradesh(53),22,KINETIC WATTS AND VOLTS LTD,0,8,23,14,32,77,,,,
Madhya Pradesh(53),23,KLB KOMAKI PVT LTD,33,22,35,14,18,122,,,,
Madhya Pradesh(53),24,LECTRIX E VEHICLES PVT LTD,49,82,3,88,2,224,,,,
Madhya Pradesh(53),25,MAC INTERNATIONAL (IMPORTER: JHEV MOTORS PVT LTD),0,0,1,0,0,1,,,,
Madhya Pradesh(53),26,MATTER MOTOR WORKS PVT LTD,1,6,11,2,12,32,,,,
Madhya Pradesh(53),27,MOTOVOLT MOBILITY PVT LTD,0,0,0,0,1,1,,,,
Madhya Pradesh(53),28,NANJING VMOTO (IMPORTER: VAJRAM ELECTRIC MOBILITY),0,0,0,0,2,2,,,,
Madhya Pradesh(53),29,OBEN ELECTRIC VEHICLES PVT LTD,28,37,49,17,24,155,,,,
Madhya Pradesh(53),30,OKINAWA AUTOTECH PVT LTD,2,1,0,0,0,3,,,,
Madhya Pradesh(53),31,OLA ELECTRIC TECHNOLOGIES PVT LTD,645,239,790,720,558,"2,952",,,,
Madhya Pradesh(53),32,OPG MOBILITY AND POWER PVT LTD,8,7,13,3,10,41,,,,
Madhya Pradesh(53),33,PUR ENERGY PVT LTD,526,334,275,22,11,"1,168",,,,
Madhya Pradesh(53),34,QUANTUM ENERGY LTD.,0,0,0,0,1,1,,,,
Madhya Pradesh(53),35,REVOLT INTELLICORP PVT LTD,49,59,92,53,53,306,,,,
Madhya Pradesh(53),36,RIVER MOBILITY PVT LTD,34,63,83,117,95,392,,,,
Madhya Pradesh(53),37,SIMPLEENERGY PVT LTD,3,14,20,7,13,57,,,,
Madhya Pradesh(53),38,SOKUDO ELECTRIC INDIA PVT LTD,0,0,1,0,2,3,,,,
Madhya Pradesh(53),39,SUZUKI MOTORCYCLE INDIA PVT LTD,11,19,19,10,11,70,,,,
Madhya Pradesh(53),40,TVS MOTOR COMPANY LTD,"4,314","3,863","5,574","2,792","2,911","19,454",,,,
Madhya Pradesh(53),41,ULTRAVIOLETTE AUTOMOTIVE PVT LTD,1,3,9,4,5,22,,,,
Madhya Pradesh(53),42,WARDWIZARD INNOVATIONS & MOBILITY LIMITED,37,17,15,19,9,97,,,,
Madhya Pradesh(53),43,WARIVO MOTOR INDIA PVT LTD,0,6,11,0,2,19,,,,
Madhya Pradesh(53),44,ZELIO E-MOBILITY LTD,1,1,0,1,1,4,,,,
Mizoram(12),1,ATHER ENERGY LTD,50,59,90,65,60,324,,,,
Mizoram(12),2,BAJAJ AUTO LTD,20,14,29,3,39,105,,,,
Mizoram(12),3,HERO MOTOCORP LTD,0,0,7,3,2,12,,,,
Mizoram(12),4,OLA ELECTRIC TECHNOLOGIES PVT LTD,0,0,0,0,1,1,,,,
Mizoram(12),5,SUZUKI MOTORCYCLE INDIA PVT LTD,1,0,0,0,0,1,,,,
Mizoram(12),6,TVS MOTOR COMPANY LTD,9,6,13,15,11,54,,,,
Mizoram(12),7,VELOCIFERO (IMPORTER: KAWVELOCE MOTORS PVT LTD),0,3,1,4,1,9,,,,
Nagaland(9),1,BAJAJ AUTO LTD,2,0,0,0,0,2,,,,
Nagaland(9),2,BMW INDIA PVT LTD,0,0,1,0,0,1,,,,
Nagaland(9),3,HERO MOTOCORP LTD,0,0,1,0,0,1,,,,
Nagaland(9),4,SUZUKI MOTORCYCLE INDIA PVT LTD,0,0,1,0,0,1,,,,
Nagaland(9),5,TVS MOTOR COMPANY LTD,0,1,1,0,0,2,,,,
Odisha(39),1,ATHER ENERGY LTD,"1,122","1,019","1,841","1,310","1,255","6,547",,,,
Odisha(39),2,BAJAJ AUTO LTD,"1,385","1,448","2,803","1,966","2,553","10,155",,,,
Odisha(39),3,BATTRE ELECTRIC MOBLITY PVT LTD,5,6,8,8,7,34,,,,
Odisha(39),4,BGAUSS AUTO PRIVATE LIMITED,10,7,21,12,46,96,,,,
Odisha(39),5,BOUNCE ELECTRIC 1 PVT LTD,0,0,1,0,1,2,,,,
Odisha(39),6,CHINA HAOCHEN (IMPORTER: ADMS MARKETING),1,0,0,0,0,1,,,,
Odisha(39),7,E-SPRINTO GREEN ENERGY PVT LTD,0,0,1,1,0,2,,,,
Odisha(39),8,GOREEN E-MOBILITY PVT LTD,0,1,0,2,0,3,,,,
Odisha(39),9,GREAVES ELECTRIC MOBILITY LTD,471,387,740,632,753,"2,983",,,,
Odisha(39),10,HERO ELECTRIC VEHICLES PVT. LTD,1,0,0,0,0,1,,,,
Odisha(39),11,HERO MOTOCORP LTD,"1,665","1,787","2,915","2,590","2,953","11,910",,,,
Odisha(39),12,HONDA MOTORCYCLE AND SCOOTER INDIA (P) LTD,6,4,10,25,47,92,,,,
Odisha(39),13,HONGKONG YIXING (IMPORTER: ADMS MARKETING),0,1,0,0,0,1,,,,
Odisha(39),14,INDIA YAMAHA MOTOR PVT LTD,0,0,3,13,41,57,,,,
Odisha(39),15,JIANGSU DALONG (IMPORTER: SABOO TOR),1,0,0,0,0,1,,,,
Odisha(39),16,JIANGSU XINRI (IMPORTER: ECO FUEL SYSTEMS LTD),0,1,0,0,0,1,,,,
Odisha(39),17,JIANGSU ZHEENAIDA (IMPORTER: KLB GLOBAL),0,0,1,0,0,1,,,,
Odisha(39),18,JITENDRA NEW EV-TECH PVT. LTD,0,0,1,0,0,1,,,,
Odisha(39),19,KINETIC GREEN ENERGY & POWER SOLUTIONS LTD,26,30,13,17,21,107,,,,
Odisha(39),20,KINETIC WATTS AND VOLTS LTD,0,0,0,0,17,17,,,,
Odisha(39),21,KLB KOMAKI PVT LTD,14,9,17,17,14,71,,,,
Odisha(39),22,LECTRIX E VEHICLES PVT LTD,67,32,94,69,72,334,,,,
Odisha(39),23,LIMA VEHICLE (IMPORTER: SARAOGI E-VENTURES),1,0,0,0,0,1,,,,
Odisha(39),24,MATTER MOTOR WORKS PVT LTD,11,2,18,2,8,41,,,,
Odisha(39),25,NANJING VMOTO (IMPORTER: VAJRAM ELECTRIC MOBILITY),0,0,0,0,3,3,,,,
Odisha(39),26,OBEN ELECTRIC VEHICLES PVT LTD,6,5,5,9,9,34,,,,
Odisha(39),27,ODYSSE ELECTRIC VEHICLES PVT LTD,1,0,0,0,0,1,,,,
Odisha(39),28,OKINAWA AUTOTECH PVT LTD,13,24,27,28,23,115,,,,
Odisha(39),29,OLA ELECTRIC TECHNOLOGIES PVT LTD,339,222,475,728,521,"2,285",,,,
Odisha(39),30,OPG MOBILITY AND POWER PVT LTD,7,8,8,9,4,36,,,,
Odisha(39),31,PUR ENERGY PVT LTD,7,6,9,7,7,36,,,,
Odisha(39),32,QUANTUM ENERGY LTD.,5,4,2,7,12,30,,,,
Odisha(39),33,REVOLT INTELLICORP PVT LTD,36,42,88,45,16,227,,,,
Odisha(39),34,RGM BUSINESS PLUS PVT LTD,1,0,0,1,1,3,,,,
Odisha(39),35,SIMPLEENERGY PVT LTD,8,2,10,29,47,96,,,,
Odisha(39),36,SOKUDO ELECTRIC INDIA PVT LTD,0,0,0,1,0,1,,,,
Odisha(39),37,SUZUKI MOTORCYCLE INDIA PVT LTD,11,12,24,21,20,88,,,,
Odisha(39),38,TVS MOTOR COMPANY LTD,"2,094","1,772","2,886","2,373","3,336","12,461",,,,
Odisha(39),39,ULTRAVIOLETTE AUTOMOTIVE PVT LTD,1,4,2,1,0,8,,,,
Odisha(39),40,VELOCIFERO (IMPORTER: KAWVELOCE MOTORS PVT LTD),0,0,0,1,0,1,,,,
Odisha(39),41,WARDWIZARD INNOVATIONS & MOBILITY LIMITED,9,5,4,9,3,30,,,,
Odisha(39),42,WUXI SHENGBAO (IMPORTER:ELECTRIC ONE ENERGY),0,0,3,1,0,4,,,,
Odisha(39),43,ZELIO E-MOBILITY LTD,0,0,0,2,1,3,,,,
Punjab(96),1,AMPERE VEHICLES PRIVATE LIMITED,0,0,0,3,0,3,,,,
Punjab(96),2,ATHER ENERGY LTD,255,227,424,351,328,"1,585",,,,
Punjab(96),3,BAJAJ AUTO LTD,704,623,"1,284",847,852,"4,310",,,,
Punjab(96),4,BENLING INDIA ENERGY AND TECHNOLOGY PVT LTD,2,0,0,0,0,2,,,,
Punjab(96),5,GODAWARI ELECTRIC MOTORS PVT LTD,0,0,0,1,0,1,,,,
Punjab(96),6,GREAVES ELECTRIC MOBILITY LTD,32,34,38,59,69,232,,,,
Punjab(96),7,HERO ELECTRIC VEHICLES PVT. LTD,0,0,0,1,0,1,,,,
Punjab(96),8,HERO MOTOCORP LTD,83,97,218,187,217,802,,,,
Punjab(96),9,HONDA MOTORCYCLE AND SCOOTER INDIA (P) LTD,12,7,11,34,33,97,,,,
Punjab(96),10,KINETIC GREEN ENERGY & POWER SOLUTIONS LTD,0,1,2,0,0,3,,,,
Punjab(96),11,OBEN ELECTRIC VEHICLES PVT LTD,7,10,11,11,7,46,,,,
Punjab(96),12,OLA ELECTRIC TECHNOLOGIES PVT LTD,194,106,336,407,411,"1,454",,,,
Punjab(96),13,OPG MOBILITY AND POWER PVT LTD,5,1,1,0,0,7,,,,
Punjab(96),14,REVOLT INTELLICORP PVT LTD,0,0,3,1,2,6,,,,
Punjab(96),15,SUZUKI MOTORCYCLE INDIA PVT LTD,0,1,4,0,0,5,,,,
Punjab(96),16,TORK MOTORS PVT LTD,0,1,0,0,0,1,,,,
Punjab(96),17,TVS MOTOR COMPANY LTD,835,745,"1,277","1,054",802,"4,713",,,,
Punjab(96),18,ULTRAVIOLETTE AUTOMOTIVE PVT LTD,1,1,0,0,0,2,,,,
Punjab(96),19,WARDWIZARD INNOVATIONS & MOBILITY LIMITED,1,0,0,2,0,3,,,,
Punjab(96),20,WARIVO MOTOR INDIA PVT LTD,3,7,0,6,5,21,,,,
Punjab(96),21,WUXI SAIGE (IMPORTER: DM GREEN ENERGY),1,0,0,0,0,1,,,,
Puducherry(8),1,ATHER ENERGY LTD,70,55,118,67,47,357,,,,
Puducherry(8),2,BAJAJ AUTO LTD,65,54,170,77,91,457,,,,
Puducherry(8),3,BGAUSS AUTO PRIVATE LIMITED,44,26,55,25,22,172,,,,
Puducherry(8),4,BOOMA INNOVATIVE TRANSPORT SULUTIONS PVT LTD,0,1,0,0,0,1,,,,
Puducherry(8),5,GAURA ELECTRIC VEHICLES PVT LTD,0,0,0,3,1,4,,,,
Puducherry(8),6,GREAVES ELECTRIC MOBILITY LTD,14,7,37,20,13,91,,,,
Puducherry(8),7,HERO ELECTRIC VEHICLES PVT. LTD,0,0,2,0,0,2,,,,
Puducherry(8),8,HERO MOTOCORP LTD,48,42,91,47,75,303,,,,
Puducherry(8),9,KINETIC GREEN ENERGY & POWER SOLUTIONS LTD,3,1,0,1,0,5,,,,
Puducherry(8),10,KLB KOMAKI PVT LTD,0,0,0,2,0,2,,,,
Puducherry(8),11,LECTRIX E VEHICLES PVT LTD,0,0,1,4,1,6,,,,
Puducherry(8),12,MATTER MOTOR WORKS PVT LTD,0,0,0,1,0,1,,,,
Puducherry(8),13,OLA ELECTRIC TECHNOLOGIES PVT LTD,21,19,9,15,19,83,,,,
Puducherry(8),14,OPG MOBILITY AND POWER PVT LTD,0,0,0,1,0,1,,,,
Puducherry(8),15,PUR ENERGY PVT LTD,0,0,2,2,1,5,,,,
Puducherry(8),16,QUANTUM ENERGY LTD.,1,3,4,0,8,16,,,,
Puducherry(8),17,RIVER MOBILITY PVT LTD,0,1,4,2,1,8,,,,
Puducherry(8),18,SIMPLEENERGY PVT LTD,0,1,0,0,2,3,,,,
Puducherry(8),19,SUZUKI MOTORCYCLE INDIA PVT LTD,1,2,4,2,4,13,,,,
Puducherry(8),20,TVS MOTOR COMPANY LTD,264,210,391,221,219,"1,305",,,,
Puducherry(8),21,ULTRAVIOLETTE AUTOMOTIVE PVT LTD,1,2,5,1,1,10,,,,
Puducherry(8),22,WARDWIZARD INNOVATIONS & MOBILITY LIMITED,4,1,2,2,0,9,,,,
Rajasthan(60),1,ALTIUS EV TECH PVT LTD,0,0,0,1,0,1,,,,
Rajasthan(60),2,AMPERE VEHICLES PRIVATE LIMITED,0,1,0,0,0,1,,,,
Rajasthan(60),3,ATHER ENERGY LTD,899,856,"1,484","1,046","1,059","5,344",,,,
Rajasthan(60),4,AYAAN ELECTRONIC PVT LTD,0,0,0,1,0,1,,,,
Rajasthan(60),5,BAJAJ AUTO LTD,919,"1,007","2,129","1,924","1,993","7,972",,,,
Rajasthan(60),6,BATTRE ELECTRIC MOBLITY PVT LTD,14,12,55,34,47,162,,,,
Rajasthan(60),7,BENLING INDIA ENERGY AND TECHNOLOGY PVT LTD,1,1,1,0,0,3,,,,
Rajasthan(60),8,BGAUSS AUTO PRIVATE LIMITED,199,146,249,183,202,979,,,,
Rajasthan(60),9,BMW INDIA PVT LTD,0,2,0,0,0,2,,,,
Rajasthan(60),10,CHANDANA CORPORATION,0,0,0,2,0,2,,,,
Rajasthan(60),11,CHINA HAOCHEN (IMPORTER:SLSR ELECTRO),1,0,1,0,0,2,,,,
Rajasthan(60),12,E-SPRINTO GREEN ENERGY PVT LTD,160,80,80,80,80,480,,,,
Rajasthan(60),13,EVTRIC MOTORS PVT LTD,0,0,1,3,0,4,,,,
Rajasthan(60),14,GODAWARI ELECTRIC MOTORS PVT LTD,2,1,2,3,2,10,,,,
Rajasthan(60),15,GOREEN E-MOBILITY PVT LTD,0,1,0,1,0,2,,,,
Rajasthan(60),16,GREAVES ELECTRIC MOBILITY LTD,123,100,211,183,212,829,,,,
Rajasthan(60),17,HERO ELECTRIC VEHICLES PVT. LTD,0,0,0,0,1,1,,,,
Rajasthan(60),18,HERO MOTOCORP LTD,"1,119","1,060","1,596","1,312","1,496","6,583",,,,
Rajasthan(60),19,HOMFEEL VEGH AUTOMOBILES PVT LTD,0,0,0,1,0,1,,,,
Rajasthan(60),20,HONDA MOTORCYCLE AND SCOOTER INDIA (P) LTD,0,1,0,24,34,59,,,,
Rajasthan(60),21,HONGKONG WANGYUAN (IMPORTER:INDI ELECTRIC EELS),8,4,1,3,4,20,,,,
Rajasthan(60),22,HOP ELECTRIC MOBILITY PVT LTD,2,8,0,0,1,11,,,,
Rajasthan(60),23,IVOOMI INNOVATION PVT LTD,2,0,2,0,0,4,,,,
Rajasthan(60),24,JIANGSU SUNHOU (IMPORTER: SABOO TOR),0,1,0,0,0,1,,,,
Rajasthan(60),25,JIANGSU XINRI (IMPORTER: ECO FUEL SYSTEMS LTD),0,1,13,7,11,32,,,,
Rajasthan(60),26,JITENDRA NEW EV-TECH PVT. LTD,9,18,8,6,21,62,,,,
Rajasthan(60),27,JUNENG MOTORCYCLE (IMPORTER: ISCOOT MOTERS),0,0,0,0,2,2,,,,
Rajasthan(60),28,KAINING (HONGKONG) (IMPORTER: COMPTECH MOTOCORP),4,3,4,6,9,26,,,,
Rajasthan(60),29,KAINING (HONGKONG) (IMPORTER:M/S IZANAU ELECTRIC),0,1,0,0,0,1,,,,
Rajasthan(60),30,KINETIC GREEN ENERGY & POWER SOLUTIONS LTD,10,4,26,8,6,54,,,,
Rajasthan(60),31,KLB KOMAKI PVT LTD,29,18,23,6,23,99,,,,
Rajasthan(60),32,LECTRIX E VEHICLES PVT LTD,9,39,20,24,55,147,,,,
Rajasthan(60),33,MAGNIOUS E MOBILITY PVT LTD,1,0,0,0,1,2,,,,
Rajasthan(60),34,MATTER MOTOR WORKS PVT LTD,16,6,10,11,8,51,,,,
Rajasthan(60),35,MOTOVOLT MOBILITY PVT LTD,0,0,0,0,23,23,,,,
Rajasthan(60),36,NANJING VMOTO (IMPORTER: VAJRAM ELECTRIC MOBILITY),0,0,0,2,1,3,,,,
Rajasthan(60),37,NINGBO SANJIANG (IMPORTER: VABRO EVTECH),0,1,0,0,0,1,,,,
Rajasthan(60),38,NUMEROS MOTORS PVT LTD,0,0,0,1,0,1,,,,
Rajasthan(60),39,OBEN ELECTRIC VEHICLES PVT LTD,15,20,22,37,22,116,,,,
Rajasthan(60),40,ODYSSE ELECTRIC VEHICLES PVT LTD,0,0,0,44,81,125,,,,
Rajasthan(60),41,OKINAWA AUTOTECH PVT LTD,19,13,28,28,26,114,,,,
Rajasthan(60),42,OLA ELECTRIC TECHNOLOGIES PVT LTD,628,284,910,"1,103","1,037","3,962",,,,
Rajasthan(60),43,OPG MOBILITY AND POWER PVT LTD,15,7,25,22,29,98,,,,
Rajasthan(60),44,PORFITEL TECHNOLOGY (IMPORTER: AERORIDE),4,2,2,4,0,12,,,,
Rajasthan(60),45,PUR ENERGY PVT LTD,18,14,7,6,5,50,,,,
Rajasthan(60),46,QUANTUM ENERGY LTD.,5,9,9,2,10,35,,,,
Rajasthan(60),47,REVOLT INTELLICORP PVT LTD,72,81,173,164,107,597,,,,
Rajasthan(60),48,RIVER MOBILITY PVT LTD,38,31,87,70,74,300,,,,
Rajasthan(60),49,SIMPLEENERGY PVT LTD,2,13,15,8,17,55,,,,
Rajasthan(60),50,SOKUDO ELECTRIC INDIA PVT LTD,4,0,0,0,0,4,,,,
Rajasthan(60),51,SUZUKI MOTORCYCLE INDIA PVT LTD,5,12,7,14,21,59,,,,
Rajasthan(60),52,TVS MOTOR COMPANY LTD,"2,183","2,067","3,358","2,435","2,727","12,770",,,,
Rajasthan(60),53,ULTRAVIOLETTE AUTOMOTIVE PVT LTD,9,4,3,7,6,29,,,,
Rajasthan(60),54,WARDWIZARD INNOVATIONS & MOBILITY LIMITED,4,14,3,10,5,36,,,,
Rajasthan(60),55,WARIVO MOTOR INDIA PVT LTD,9,11,7,11,8,46,,,,
Rajasthan(60),56,WUXI SAIGE (IMPORTER: WARIVO MOTOR),0,3,0,0,0,3,,,,
Rajasthan(60),57,WUXI TENGHUI (IMPORTER: FLYCON MOTORS),4,1,2,3,0,10,,,,
Rajasthan(60),58,WUXI YIZHILING (IMPORTER: HOMFEEL VEGH),0,0,50,0,0,50,,,,
Rajasthan(60),59,YANGGUANG LINGMU (IMPORTER: FLYCON MOTORS),5,0,0,0,1,6,,,,
Rajasthan(60),60,YOUYAKU ELECTRIC (IMPORTER: HOUSTAN INNOVATION),0,0,3,0,0,3,,,,
Rajasthan(60),61,ZHEJIANG TIANBEN (IMPORTER: SLSR ELECTRO),3,2,3,5,0,13,,,,
Sikkim(9),1,ATHER ENERGY LTD,0,6,0,0,0,6,,,,
Tamil Nadu(148),1,ATHER ENERGY LTD,"2,482","2,549","4,148","3,269","2,886","15,334",,,,
Tamil Nadu(148),2,BAJAJ AUTO LTD,"1,879","2,044","3,706","2,153","2,317","12,099",,,,
Tamil Nadu(148),3,BATTRE ELECTRIC MOBLITY PVT LTD,13,9,4,2,1,29,,,,
Tamil Nadu(148),4,BENLING INDIA ENERGY AND TECHNOLOGY PVT LTD,0,0,1,1,0,2,,,,
Tamil Nadu(148),5,BGAUSS AUTO PRIVATE LIMITED,775,644,942,534,590,"3,485",,,,
Tamil Nadu(148),6,BMR EV INDUSTRIES PVT LTD,1,1,2,0,2,6,,,,
Tamil Nadu(148),7,BMW INDIA PVT LTD,2,1,3,4,1,11,,,,
Tamil Nadu(148),8,BOOMA INNOVATIVE TRANSPORT SULUTIONS PVT LTD,22,30,26,33,28,139,,,,
Tamil Nadu(148),9,BOUNCE ELECTRIC 1 PVT LTD,0,2,0,0,1,3,,,,
Tamil Nadu(148),10,CHINA HAOCHEN (IMPORTER: ADMS MARKETING),0,1,0,0,0,1,,,,
Tamil Nadu(148),11,ECOBIT INTERNATIONAL(IMPORTER: JHEV MOTORS),1,2,0,1,2,6,,,,
Tamil Nadu(148),12,ELTHOR ENERGY PRIVATE LIMITED,0,1,0,0,0,1,,,,
Tamil Nadu(148),13,E ROYCE MOTORS INDIA PVT LTD,0,0,0,0,1,1,,,,
Tamil Nadu(148),14,E-SPRINTO GREEN ENERGY PVT LTD,3,0,81,40,1,125,,,,
Tamil Nadu(148),15,GAURA ELECTRIC VEHICLES PVT LTD,136,116,115,161,94,622,,,,
Tamil Nadu(148),16,GODAWARI ELECTRIC MOTORS PVT LTD,0,0,1,0,0,1,,,,
Tamil Nadu(148),17,GOREEN E-MOBILITY PVT LTD,0,2,3,2,0,7,,,,
Tamil Nadu(148),18,GREAVES ELECTRIC MOBILITY LTD,"2,255","2,127","3,514","2,897","2,593","13,386",,,,
Tamil Nadu(148),19,HERO ELECTRIC VEHICLES PVT. LTD,3,0,2,0,1,6,,,,
Tamil Nadu(148),20,HERO MOTOCORP LTD,"1,027",941,"1,368",924,841,"5,101",,,,
Tamil Nadu(148),21,HONDA MOTORCYCLE AND SCOOTER INDIA (P) LTD,1,6,8,8,21,44,,,,
Tamil Nadu(148),22,HONGKONG YIXING (IMPORTER: ADMS MARKETING),0,1,1,0,2,4,,,,
Tamil Nadu(148),23,HOP ELECTRIC MOBILITY PVT LTD,1,1,1,0,1,4,,,,
Tamil Nadu(148),24,HSU DRAGON (IMPORTER: BMR ELECTRIC),1,2,3,22,14,42,,,,
Tamil Nadu(148),25,HSU DRAGON (IMPORTER: BMR EV INDUSTRIES),2,2,6,2,3,15,,,,
Tamil Nadu(148),26,HSU DRAGON (IMPORTER:SKANDAA AUTOMOTIVE),1,2,3,5,3,14,,,,
Tamil Nadu(148),27,INDIA YAMAHA MOTOR PVT LTD,0,0,11,36,21,68,,,,
Tamil Nadu(148),28,IVOOMI INNOVATION PVT LTD,39,26,28,35,7,135,,,,
Tamil Nadu(148),29,JIANGSU XINRI (IMPORTER: ECO FUEL SYSTEMS LTD),0,0,1,24,0,25,,,,
Tamil Nadu(148),30,JITENDRA NEW EV-TECH PVT. LTD,12,11,23,25,20,91,,,,
Tamil Nadu(148),31,JUNENG MOTORCYCLE (IMPORTER: ADMS MARKETING),0,0,0,1,0,1,,,,
Tamil Nadu(148),32,JUNENG MOTORCYCLE (IMPORTER: JHEV MOTORS PVT LTD),2,1,0,3,8,14,,,,
Tamil Nadu(148),33,KABIRA MOBILITY LLP,0,0,0,1,0,1,,,,
Tamil Nadu(148),34,KAINING (HONGKONG) (IMPORTER: BEST EV MOBILITY),0,0,3,2,0,5,,,,
Tamil Nadu(148),35,KAINING (HONGKONG) (IMPORTER: BMR EV INDUSTRIES),3,6,1,3,4,17,,,,
Tamil Nadu(148),36,KAINING (HONGKONG) (IMPORTER: COMPTECH MOTOCORP),0,6,2,3,4,15,,,,
Tamil Nadu(148),37,KINETIC GREEN ENERGY & POWER SOLUTIONS LTD,209,119,106,258,111,803,,,,
Tamil Nadu(148),38,KLB KOMAKI PVT LTD,43,66,86,80,70,345,,,,
Tamil Nadu(148),39,LECTRIX E VEHICLES PVT LTD,99,59,123,108,89,478,,,,
Tamil Nadu(148),40,MAC INTERNATIONAL (IMPORTER: JHEV MOTORS PVT LTD),5,1,0,1,2,9,,,,
Tamil Nadu(148),41,MATTER MOTOR WORKS PVT LTD,20,11,8,6,15,60,,,,
Tamil Nadu(148),42,MERCURY EV TECH LTD,0,0,3,3,0,6,,,,
Tamil Nadu(148),43,MOTOVOLT MOBILITY PVT LTD,0,2,83,81,118,284,,,,
Tamil Nadu(148),44,NANJING VMOTO (IMPORTER: FORTUNEV),0,0,0,0,1,1,,,,
Tamil Nadu(148),45,NUMEROS MOTORS PVT LTD,2,13,17,16,6,54,,,,
Tamil Nadu(148),46,OBEN ELECTRIC VEHICLES PVT LTD,4,8,17,10,30,69,,,,
Tamil Nadu(148),47,OKINAWA AUTOTECH PVT LTD,47,37,37,21,16,158,,,,
Tamil Nadu(148),48,OLA ELECTRIC TECHNOLOGIES PVT LTD,900,694,944,"1,141","1,232","4,911",,,,
Tamil Nadu(148),49,OPG MOBILITY AND POWER PVT LTD,6,20,20,17,25,88,,,,
Tamil Nadu(148),50,OZOTEC AUTOMOBILE PRIVATE LIMITED,4,0,2,1,2,9,,,,
Tamil Nadu(148),51,PUR ENERGY PVT LTD,25,33,28,22,12,120,,,,
Tamil Nadu(148),52,QUANTUM ENERGY LTD.,11,4,20,8,68,111,,,,
Tamil Nadu(148),53,RAPTEE ENERGY PVT LTD,5,9,12,8,12,46,,,,
Tamil Nadu(148),54,REVOLT INTELLICORP PVT LTD,42,50,76,66,41,275,,,,
Tamil Nadu(148),55,RGM BUSINESS PLUS PVT LTD,0,1,0,0,0,1,,,,
Tamil Nadu(148),56,RIVER MOBILITY PVT LTD,475,406,791,643,445,"2,760",,,,
Tamil Nadu(148),57,SIMPLEENERGY PVT LTD,52,134,260,228,197,871,,,,
Tamil Nadu(148),58,SRIVARU MOTORS PVT LTD,0,0,0,0,2,2,,,,
Tamil Nadu(148),59,SUZUKI MOTORCYCLE INDIA PVT LTD,25,46,75,78,54,278,,,,
Tamil Nadu(148),60,TVS MOTOR COMPANY LTD,"5,063","5,036","7,739","5,771","5,695","29,304",,,,
Tamil Nadu(148),61,ULTRAVIOLETTE AUTOMOTIVE PVT LTD,64,44,38,54,47,247,,,,
Tamil Nadu(148),62,WARDWIZARD INNOVATIONS & MOBILITY LIMITED,31,32,19,27,15,124,,,,
Tamil Nadu(148),63,WUXI JIYAYI (IMPORTER: IZANAU ELECTRIC LLP),0,1,1,0,0,2,,,,
Tamil Nadu(148),64,WUXI TENGHUI (IMPORTER: FEZORA INDIA),0,2,1,0,0,3,,,,
Tamil Nadu(148),65,WUXI TENGHUI (IMPORTER: JOZHI SERVICES),3,3,0,1,0,7,,,,
Tamil Nadu(148),66,WUXI TENGHUI INTERNATIONAL (IMPORTER: FEZORA),0,0,1,0,0,1,,,,
Tamil Nadu(148),67,WUXI YIZHILING (IMPORTER: BMR EV INDUSTRIES),3,1,5,1,2,12,,,,
Tamil Nadu(148),68,YOUYAKU ELECTRIC (IMPORTER:KRISHIKA EV INDIA),0,0,0,0,1,1,,,,
Tamil Nadu(148),69,YOUYAKU ELECTRIC (IMPORTER: POWORO PVT LTD),8,16,22,24,10,80,,,,
Tamil Nadu(148),70,ZELIO E-MOBILITY LTD,0,0,0,0,1,1,,,,
Tamil Nadu(148),71,ZHEJIANG ZUBOO (IMPORTER: KLCS MOTORS PVT LTD),1,4,2,2,2,11,,,,
Tamil Nadu(148),72,ZHONGHUALONG (IMPORTER: POWORO PVT LTD),19,24,30,34,11,118,,,,
Telangana(57),1,ADM TECHNOLOGIES PVT. LTD.,8,1,0,3,0,12,,,,
Telangana(57),2,ATHER ENERGY LTD,868,337,99,"1,114","2,306","4,724",,,,
Telangana(57),3,BAJAJ AUTO LTD,829,796,"1,126","1,391","1,394","5,536",,,,
Telangana(57),4,BATTRE ELECTRIC MOBLITY PVT LTD,1,0,0,2,0,3,,,,
Telangana(57),5,BGAUSS AUTO PRIVATE LIMITED,57,308,86,162,26,639,,,,
Telangana(57),6,BMW INDIA PVT LTD,6,2,2,2,1,13,,,,
Telangana(57),7,BOUNCE ELECTRIC 1 PVT LTD,0,0,0,0,264,264,,,,
Telangana(57),8,CHANDANA CORPORATION,0,0,1,1,0,2,,,,
Telangana(57),9,E-SPRINTO GREEN ENERGY PVT LTD,0,0,0,46,234,280,,,,
Telangana(57),10,GOREEN E-MOBILITY PVT LTD,3,1,1,1,0,6,,,,
Telangana(57),11,GOWITH GREEN E-VEHICLES PVT LTD,0,1,0,0,0,1,,,,
Telangana(57),12,GRAVTON MOTORS PVT LTD,42,7,3,4,6,62,,,,
Telangana(57),13,GREAVES ELECTRIC MOBILITY LTD,77,35,10,119,175,416,,,,
Telangana(57),14,HERO ELECTRIC VEHICLES PVT. LTD,0,0,0,1,3,4,,,,
Telangana(57),15,HERO MOTOCORP LTD,500,365,609,575,565,"2,614",,,,
Telangana(57),16,HONDA MOTORCYCLE AND SCOOTER INDIA (P) LTD,25,13,6,22,21,87,,,,
Telangana(57),17,INDIA YAMAHA MOTOR PVT LTD,0,0,0,0,3,3,,,,
Telangana(57),18,ISUZU MOTORS INDIA PVT LTD,0,0,4,0,0,4,,,,
Telangana(57),19,KINETIC GREEN ENERGY & POWER SOLUTIONS LTD,1,3,9,7,6,26,,,,
Telangana(57),20,KINETIC GREEN ENERGY P SOL LTD,3,6,4,0,0,13,,,,
Telangana(57),21,KINETIC MOTOR COMPANY LIMITED,419,"1,343",30,"1,043",0,"2,835",,,,
Telangana(57),22,KLB KOMAKI PVT LTD,18,8,2,7,23,58,,,,
Telangana(57),23,LECTRIX E VEHICLES PVT LTD,9,4,0,0,21,34,,,,
Telangana(57),24,MATTER MOTOR WORKS PVT LTD,0,0,0,9,11,20,,,,
Telangana(57),25,MOTOVOLT MOBILITY PVT LTD,40,0,0,0,16,56,,,,
Telangana(57),26,NANJING VMOTO (IMPORTER: VAJRAM ELECTRIC MOBILITY),0,0,0,0,1,1,,,,
Telangana(57),27,NUMEROS MOTORS PVT LTD,1,0,0,0,0,1,,,,
Telangana(57),28,OBEN ELECTRIC VEHICLES PVT LTD,0,0,0,19,19,38,,,,
Telangana(57),29,ODYSSE ELECTRIC VEHICLES PVT LTD,198,2,0,0,226,426,,,,
Telangana(57),30,OKAYA POWER PVT LTD,1,0,0,0,0,1,,,,
Telangana(57),31,OKINAWA AUTOTECH PVT LTD,1,1,0,0,0,2,,,,
Telangana(57),32,OLA ELECTRIC TECHNOLOGIES PVT LTD,267,186,111,128,169,861,,,,
Telangana(57),33,OPG MOBILITY AND POWER PVT LTD,0,0,0,2,0,2,,,,
Telangana(57),34,OTHERS,585,390,"2,629",4,0,"3,608",,,,
Telangana(57),35,PUR ENERGY PVT LTD,5,4,2,5,9,25,,,,
Telangana(57),36,QUANTUM ENERGY LTD.,46,5,0,154,48,253,,,,
Telangana(57),37,REVOLT INTELLICORP PVT LTD,0,0,0,42,20,62,,,,
Telangana(57),38,RIVER MOBILITY PVT LTD,233,142,44,440,627,"1,486",,,,
Telangana(57),39,SIMPLEENERGY PVT LTD,34,13,6,45,87,185,,,,
Telangana(57),40,SUZUKI MOTORCYCLE INDIA PVT LTD,1,3,11,13,20,48,,,,
Telangana(57),41,TVS MOTOR COMPANY LTD,"1,300","1,539","1,770","2,003","1,892","8,504",,,,
Telangana(57),42,ULTRAVIOLETTE AUTOMOTIVE PVT LTD,45,14,7,27,36,129,,,,
Telangana(57),43,WARDWIZARD INNOVATIONS & MOBILITY LIMITED,1,0,0,0,0,1,,,,
Telangana(57),44,WUXI MDKA NEW ENERGY (IMPORTER: HESTUR ENERGY),0,0,0,42,38,80,,,,
Tripura(9),1,ATHER ENERGY LTD,5,8,13,3,17,46,,,,
Tripura(9),2,BAJAJ AUTO LTD,20,12,22,16,27,97,,,,
Tripura(9),3,GREAVES ELECTRIC MOBILITY LTD,7,4,5,6,3,25,,,,
Tripura(9),4,HERO ELECTRIC VEHICLES PVT. LTD,0,0,1,0,0,1,,,,
Tripura(9),5,KINETIC GREEN ENERGY & POWER SOLUTIONS LTD,1,0,0,0,0,1,,,,
Tripura(9),6,OLA ELECTRIC TECHNOLOGIES PVT LTD,5,4,4,3,7,23,,,,
Tripura(9),7,SUZUKI MOTORCYCLE INDIA PVT LTD,0,0,0,1,1,2,,,,
Uttarakhand(21),1,ATHER ENERGY LTD,152,161,218,257,156,944,,,,
Uttarakhand(21),2,BAJAJ AUTO LTD,92,98,186,188,234,798,,,,
Uttarakhand(21),3,BGAUSS AUTO PRIVATE LIMITED,20,16,21,28,7,92,,,,
Uttarakhand(21),4,BMW INDIA PVT LTD,0,0,0,1,0,1,,,,
Uttarakhand(21),5,BOUNCE ELECTRIC 1 PVT LTD,0,0,0,0,1,1,,,,
Uttarakhand(21),6,ECOBIT INTERNATIONAL(IMPORTER: JHEV MOTORS),2,0,0,0,0,2,,,,
Uttarakhand(21),7,GODAWARI ELECTRIC MOTORS PVT LTD,1,0,0,0,0,1,,,,
Uttarakhand(21),8,GREAVES ELECTRIC MOBILITY LTD,39,24,61,71,71,266,,,,
Uttarakhand(21),9,HERO MOTOCORP LTD,96,85,132,56,91,460,,,,
Uttarakhand(21),10,HONDA MOTORCYCLE AND SCOOTER INDIA (P) LTD,0,1,0,7,2,10,,,,
Uttarakhand(21),11,JITENDRA NEW EV-TECH PVT. LTD,0,1,1,0,1,3,,,,
Uttarakhand(21),12,JUNENG MOTORCYCLE (IMPORTER: JHEV MOTORS PVT LTD),1,0,0,0,0,1,,,,
Uttarakhand(21),13,KAINING (HONGKONG) (IMPORTER: COMPTECH MOTOCORP),2,1,0,0,3,6,,,,
Uttarakhand(21),14,KINETIC GREEN ENERGY & POWER SOLUTIONS LTD,1,0,0,3,1,5,,,,
Uttarakhand(21),15,KLB KOMAKI PVT LTD,1,2,0,5,0,8,,,,
Uttarakhand(21),16,LECTRIX E VEHICLES PVT LTD,5,3,12,12,17,49,,,,
Uttarakhand(21),17,MOTOVOLT MOBILITY PVT LTD,0,0,3,0,0,3,,,,
Uttarakhand(21),18,OKINAWA AUTOTECH PVT LTD,0,0,0,1,0,1,,,,
Uttarakhand(21),19,OLA ELECTRIC TECHNOLOGIES PVT LTD,59,38,99,148,284,628,,,,
Uttarakhand(21),20,OPG MOBILITY AND POWER PVT LTD,1,2,2,2,4,11,,,,
Uttarakhand(21),21,PUR ENERGY PVT LTD,1,1,1,2,0,5,,,,
Uttarakhand(21),22,REVOLT INTELLICORP PVT LTD,1,2,4,0,0,7,,,,
Uttarakhand(21),23,RIVER MOBILITY PVT LTD,0,0,0,0,1,1,,,,
Uttarakhand(21),24,SOKUDO ELECTRIC INDIA PVT LTD,0,0,1,0,0,1,,,,
Uttarakhand(21),25,SUZUKI MOTORCYCLE INDIA PVT LTD,1,5,2,2,0,10,,,,
Uttarakhand(21),26,TVS MOTOR COMPANY LTD,155,157,246,194,239,991,,,,
Uttarakhand(21),27,WARDWIZARD INNOVATIONS & MOBILITY LIMITED,12,6,1,2,5,26,,,,
Uttar Pradesh(77),1,A-1 SUREJA INDUSTRIES,0,0,0,1,0,1,,,,
Uttar Pradesh(77),2,AFTEK MOTORS INDIA PVT LTD,0,0,0,2,0,2,,,,
Uttar Pradesh(77),3,ATHER ENERGY LTD,978,799,"1,657","1,262","1,093","5,789",,,,
Uttar Pradesh(77),4,BAJAJ AUTO LTD,"2,245","1,983","3,731","3,028","3,148","14,135",,,,
Uttar Pradesh(77),5,BATTRE ELECTRIC MOBLITY PVT LTD,1,1,2,0,1,5,,,,
Uttar Pradesh(77),6,BENLING INDIA ENERGY AND TECHNOLOGY PVT LTD,0,2,2,6,3,13,,,,
Uttar Pradesh(77),7,BGAUSS AUTO PRIVATE LIMITED,87,80,170,94,84,515,,,,
Uttar Pradesh(77),8,BOUNCE ELECTRIC 1 PVT LTD,1,0,0,0,2,3,,,,
Uttar Pradesh(77),9,ECOBIT INTERNATIONAL(IMPORTER: JHEV MOTORS),0,1,0,0,0,1,,,,
Uttar Pradesh(77),10,E-SPRINTO GREEN ENERGY PVT LTD,0,95,1,0,0,96,,,,
Uttar Pradesh(77),11,ESSEL ENERGY INFRA PVT LTD,1,0,0,0,0,1,,,,
Uttar Pradesh(77),12,GODAWARI ELECTRIC MOTORS PVT LTD,4,4,0,0,0,8,,,,
Uttar Pradesh(77),13,GOREEN E-MOBILITY PVT LTD,1,2,0,0,0,3,,,,
Uttar Pradesh(77),14,GRAVTON MOTORS PVT LTD,4,0,0,0,2,6,,,,
Uttar Pradesh(77),15,GREAVES ELECTRIC MOBILITY LTD,224,178,398,314,356,"1,470",,,,
Uttar Pradesh(77),16,HERO ELECTRIC VEHICLES PVT. LTD,1,0,0,5,0,6,,,,
Uttar Pradesh(77),17,HERO MOTOCORP LTD,"1,562","1,232","2,166","1,465","1,705","8,130",,,,
Uttar Pradesh(77),18,HONDA MOTORCYCLE AND SCOOTER INDIA (P) LTD,12,1,18,25,52,108,,,,
Uttar Pradesh(77),19,HOP ELECTRIC MOBILITY PVT LTD,1,1,0,0,0,2,,,,
Uttar Pradesh(77),20,HSU DRAGON (IMPORTER: HUMAN CENTERED),25,10,0,0,0,35,,,,
Uttar Pradesh(77),21,KAINING (HONGKONG) (IMPORTER: COMPTECH MOTOCORP),0,0,1,0,1,2,,,,
Uttar Pradesh(77),22,KAINING (HONGKONG)(IMPORTER: TRIVOLT AUTOMOBILES),0,4,0,3,0,7,,,,
Uttar Pradesh(77),23,KINETIC GREEN ENERGY & POWER SOLUTIONS LTD,54,65,69,39,66,293,,,,
Uttar Pradesh(77),24,KINETIC WATTS AND VOLTS LTD,0,0,3,2,31,36,,,,
Uttar Pradesh(77),25,KLB KOMAKI PVT LTD,18,17,15,39,21,110,,,,
Uttar Pradesh(77),26,LECTRIX E VEHICLES PVT LTD,115,102,217,107,228,769,,,,
Uttar Pradesh(77),27,MAGNIOUS E MOBILITY PVT LTD,8,6,16,12,22,64,,,,
Uttar Pradesh(77),28,MATTER MOTOR WORKS PVT LTD,0,0,0,2,0,2,,,,
Uttar Pradesh(77),29,MECPOWER MOBILITY PVT. LTD.,1,0,0,0,0,1,,,,
Uttar Pradesh(77),30,MOTOVOLT MOBILITY PVT LTD,0,1,40,8,0,49,,,,
Uttar Pradesh(77),31,NANJING VMOTO (IMPORTER: VAJRAM ELECTRIC MOBILITY),0,2,0,0,0,2,,,,
Uttar Pradesh(77),32,OBEN ELECTRIC VEHICLES PVT LTD,47,49,83,78,47,304,,,,
Uttar Pradesh(77),33,ODYSSE ELECTRIC VEHICLES PVT LTD,0,0,0,1,1,2,,,,
Uttar Pradesh(77),34,OKINAWA AUTOTECH PVT LTD,6,0,9,5,4,24,,,,
Uttar Pradesh(77),35,OLA ELECTRIC TECHNOLOGIES PVT LTD,"1,160",670,"2,400","2,525","3,404","10,159",,,,
Uttar Pradesh(77),36,OPG MOBILITY AND POWER PVT LTD,30,4,14,17,10,75,,,,
Uttar Pradesh(77),37,PUR ENERGY PVT LTD,14,14,10,15,10,63,,,,
Uttar Pradesh(77),38,QUANTUM ENERGY LTD.,0,1,37,2,0,40,,,,
Uttar Pradesh(77),39,REVOLT INTELLICORP PVT LTD,94,63,150,98,78,483,,,,
Uttar Pradesh(77),40,RIVER MOBILITY PVT LTD,0,0,0,1,1,2,,,,
Uttar Pradesh(77),41,SIMPLEENERGY PVT LTD,5,18,16,8,12,59,,,,
Uttar Pradesh(77),42,SOKUDO ELECTRIC INDIA PVT LTD,48,29,19,37,22,155,,,,
Uttar Pradesh(77),43,SUZUKI MOTORCYCLE INDIA PVT LTD,27,12,11,8,5,63,,,,
Uttar Pradesh(77),44,TVS MOTOR COMPANY LTD,"3,633","3,047","4,848","3,462","3,538","18,528",,,,
Uttar Pradesh(77),45,ULTRAVIOLETTE AUTOMOTIVE PVT LTD,3,4,0,6,3,16,,,,
Uttar Pradesh(77),46,VELOCIFERO (IMPORTER: KAWVELOCE MOTORS PVT LTD),1,1,0,0,1,3,,,,
Uttar Pradesh(77),47,WARDWIZARD INNOVATIONS & MOBILITY LIMITED,39,14,26,26,20,125,,,,
Uttar Pradesh(77),48,WARIVO MOTOR INDIA PVT LTD,4,4,7,2,6,23,,,,
Uttar Pradesh(77),49,WUXI TENGHUI (IMPORTER: FLYCON MOTORS),0,0,0,1,0,1,,,,
Uttar Pradesh(77),50,WUXI TENGHUI (IMPORTER: NXTMOBILITY ENERGY),0,0,0,0,15,15,,,,
Uttar Pradesh(77),51,YOUYAKU ELECTRIC (IMPORTER:KRISHIKA EV INDIA),1,0,0,1,0,2,,,,
Uttar Pradesh(77),52,YOUYAKU ELECTRIC (IMPORTER:ONZO EV),1,0,0,0,0,1,,,,
Uttar Pradesh(77),53,ZELIO E-MOBILITY LTD,0,1,1,1,0,3,,,,
West Bengal(59),1,ATHER ENERGY LTD,254,241,430,289,328,"1,542",,,,
West Bengal(59),2,BAJAJ AUTO LTD,343,459,"1,166",485,790,"3,243",,,,
West Bengal(59),3,BATTRE ELECTRIC MOBLITY PVT LTD,1,1,0,2,0,4,,,,
West Bengal(59),4,BOOMA INNOVATIVE TRANSPORT SULUTIONS PVT LTD,3,0,0,1,1,5,,,,
West Bengal(59),5,GODAWARI ELECTRIC MOTORS PVT LTD,0,1,0,0,0,1,,,,
West Bengal(59),6,GREAVES ELECTRIC MOBILITY LTD,187,154,244,159,220,964,,,,
West Bengal(59),7,HERO MOTOCORP LTD,461,492,939,638,763,"3,293",,,,
West Bengal(59),8,HONDA MOTORCYCLE AND SCOOTER INDIA (P) LTD,0,0,2,9,14,25,,,,
West Bengal(59),9,INDIA YAMAHA MOTOR PVT LTD,0,0,0,2,4,6,,,,
West Bengal(59),10,KINETIC GREEN ENERGY & POWER SOLUTIONS LTD,1,3,0,1,1,6,,,,
West Bengal(59),11,KLB KOMAKI PVT LTD,3,8,5,4,4,24,,,,
West Bengal(59),12,LECTRIX E VEHICLES PVT LTD,2,5,2,2,3,14,,,,
West Bengal(59),13,LIMA VEHICLE (IMPORTER: SARAOGI E-VENTURES),2,12,12,2,1,29,,,,
West Bengal(59),14,MOTOVOLT MOBILITY PVT LTD,43,5,138,3,107,296,,,,
West Bengal(59),15,OBEN ELECTRIC VEHICLES PVT LTD,5,9,3,6,3,26,,,,
West Bengal(59),16,OLA ELECTRIC TECHNOLOGIES PVT LTD,284,213,276,327,579,"1,679",,,,
West Bengal(59),17,OPG MOBILITY AND POWER PVT LTD,6,9,2,0,1,18,,,,
West Bengal(59),18,ORA GROUP (IMPORTER: VAKRA TUNDAYA NAMAHA PVT LTD),1,1,0,0,1,3,,,,
West Bengal(59),19,REVOLT INTELLICORP PVT LTD,26,16,34,29,20,125,,,,
West Bengal(59),20,SIMPLEENERGY PVT LTD,0,0,13,13,13,39,,,,
West Bengal(59),21,SOKUDO ELECTRIC INDIA PVT LTD,1,0,0,0,0,1,,,,
West Bengal(59),22,SUZUKI MOTORCYCLE INDIA PVT LTD,6,11,7,7,8,39,,,,
West Bengal(59),23,TVS MOTOR COMPANY LTD,284,386,514,434,480,"2,098",,,,
West Bengal(59),24,ULTRAVIOLETTE AUTOMOTIVE PVT LTD,17,13,11,19,19,79,,,,
West Bengal(59),25,WARDWIZARD INNOVATIONS & MOBILITY LIMITED,1,5,1,0,0,7,,,,
